Age,Attrition,BusinessTravel,DailyRate,Department,DistanceFromHome,Education,EducationField,EmployeeCount,EmployeeNumber,EnvironmentSatisfaction,Gender,HourlyRate,JobInvolvement,JobLevel,JobRole,JobSatisfaction,MaritalStatus,MonthlyIncome,MonthlyRate,NumCompaniesWorked,OverTime,Over18,PercentSalaryHike,PerformanceRating,RelationshipSatisfaction,StockOptionLevel,TotalWorkingYears,TrainingTimesLastYear,WorkLifeBalance,YearsAtCompany,YearsInCurrentRole,YearsSinceLastPromotion,YearsWithCurrManager
31,No,Non-Travel,714,Human Resources,6,1,Other,1,1,2,Female,51,3,1,Manager,4,Single,19792,9851,5,No,Y,14,3,4,2,5,4,1,8,8,6,2
41,No,Travel_Rarely,205,Sales,10,1,Technical Degree,1,2,4,Male,40,1,1,Sales Executive,2,Divorced,10055,24592,0,No,Y,18,3,4,0,35,1,4,3,2,7,13
28,Yes,Travel_Rarely,314,Sales,23,2,Marketing,1,3,2,Female,88,4,5,Laboratory Technician,1,Married,11816,24067,4,Yes,Y,16,3,3,2,14,2,4,15,12,2,13
32,No,Non-Travel,1395,Human Resources,8,5,Technical Degree,1,4,1,Male,84,3,4,Research Scientist,1,Single,10419,27324,6,Yes,Y,21,4,3,1,11,0,3,15,6,3,0
57,Yes,Non-Travel,633,Research & Development,15,1,Other,1,5,3,Male,60,3,5,Research Scientist,4,Divorced,16606,19300,8,Yes,Y,22,3,1,3,16,3,4,17,1,3,9
54,No,Non-Travel,791,Sales,26,3,Human Resources,1,6,2,Male,91,2,4,Human Resources,2,Divorced,7877,21758,0,No,Y,22,3,3,3,14,6,2,9,7,1,11
55,No,Travel_Frequently,600,Human Resources,13,5,Medical,1,7,1,Female,80,2,3,Human Resources,2,Single,14373,16412,9,No,Y,12,3,3,3,26,5,4,10,13,4,14
50,No,Travel_Rarely,268,Sales,18,3,Medical,1,8,4,Male,92,2,3,Human Resources,2,Married,7429,4328,6,No,Y,14,3,2,2,30,3,4,14,8,4,4
55,No,Non-Travel,861,Sales,1,3,Life Sciences,1,9,4,Male,99,1,5,Manager,4,Divorced,11617,19040,8,Yes,Y,23,3,4,0,1,6,3,4,9,0,6
53,No,Non-Travel,595,Research & Development,14,5,Life Sciences,1,10,4,Female,50,4,3,Healthcare Representative,4,Married,4291,26655,5,No,Y,16,3,3,3,5,5,4,7,3,9,13
38,No,Travel_Frequently,1482,Sales,26,2,Marketing,1,11,2,Male,93,4,5,Manager,1,Divorced,10331,21736,2,No,Y,23,3,2,3,31,4,2,1,13,1,6
18,No,Non-Travel,339,Sales,11,1,Life Sciences,1,12,1,Female,39,3,1,Laboratory Technician,4,Married,14430,24081,5,Yes,Y,12,3,1,1,13,3,2,6,7,3,13
32,No,Travel_Frequently,682,Sales,5,5,Medical,1,13,3,Male,43,2,5,Sales Executive,4,Divorced,2111,4631,6,Yes,Y,18,3,4,0,7,4,2,13,7,7,3
49,No,Travel_Frequently,1145,Sales,18,5,Medical,1,14,4,Female,88,1,3,Manager,1,Married,14744,26391,9,Yes,Y,15,3,3,3,25,1,2,12,2,7,9
19,No,Travel_Rarely,1343,Sales,16,3,Marketing,1,15,4,Male,66,4,5,Manager,3,Single,8500,24140,0,No,Y,17,3,1,0,39,3,3,2,10,5,9
36,No,Non-Travel,813,Human Resources,11,1,Marketing,1,16,3,Female,91,4,4,Sales Executive,2,Married,10099,9021,8,No,Y,15,4,4,2,35,0,2,2,5,9,0
54,No,Non-Travel,728,Sales,12,2,Life Sciences,1,17,3,Male,73,1,3,Research Scientist,3,Single,5558,25062,7,No,Y,10,3,3,1,5,3,1,7,6,5,9
59,No,Non-Travel,422,Research & Development,19,3,Marketing,1,18,4,Male,64,3,3,Manager,3,Married,16724,28621,1,No,Y,17,3,1,0,28,1,1,18,10,1,2
42,Yes,Non-Travel,896,Research & Development,13,4,Medical,1,19,4,Female,64,1,5,Laboratory Technician,1,Single,14585,18706,3,No,Y,11,3,2,3,38,0,2,9,6,8,4
24,No,Non-Travel,1119,Research & Development,5,5,Technical Degree,1,20,1,Male,79,1,5,Manufacturing Director,1,Divorced,5582,5091,4,No,Y,10,3,4,1,2,0,1,10,0,4,5
56,No,Travel_Rarely,364,Research & Development,8,1,Life Sciences,1,21,4,Female,51,4,5,Laboratory Technician,3,Married,17513,29805,1,No,Y,18,4,1,2,37,4,1,14,7,9,12
21,No,Travel_Rarely,483,Research & Development,4,5,Technical Degree,1,22,3,Male,91,1,3,Sales Executive,2,Married,19711,8434,0,Yes,Y,20,3,2,0,29,5,4,3,9,2,10
39,No,Travel_Rarely,374,Sales,2,5,Other,1,23,3,Male,89,1,3,Research Scientist,2,Married,17053,26577,6,No,Y,10,3,1,1,4,5,2,13,9,3,13
21,Yes,Travel_Frequently,1028,Research & Development,3,1,Marketing,1,24,2,Female,48,1,4,Manufacturing Director,2,Single,7521,8616,5,No,Y,19,3,4,1,16,5,3,10,3,5,6
49,No,Travel_Rarely,205,Human Resources,2,2,Other,1,25,4,Male,69,2,1,Human Resources,4,Divorced,2245,3252,1,No,Y,12,4,1,2,6,5,3,17,8,8,5
22,Yes,Travel_Rarely,739,Research & Development,8,4,Marketing,1,26,1,Female,30,1,4,Sales Executive,4,Single,2322,19489,4,Yes,Y,17,3,3,3,17,6,3,3,13,2,1
59,No,Non-Travel,520,Research & Development,15,3,Other,1,27,2,Male,35,2,2,Laboratory Technician,2,Divorced,13308,7527,2,No,Y,21,3,4,0,24,0,4,13,14,4,2
53,No,Travel_Rarely,419,Human Resources,18,5,Marketing,1,28,3,Female,98,3,5,Human Resources,4,Married,10043,6929,0,Yes,Y,19,3,1,1,32,0,4,13,4,6,13
48,Yes,Travel_Rarely,1146,Research & Development,1,3,Technical Degree,1,29,4,Female,85,4,2,Research Scientist,2,Single,17073,13774,2,No,Y,17,3,2,3,19,3,3,18,13,6,5
21,No,Non-Travel,1297,Human Resources,5,5,Marketing,1,30,4,Female,50,3,4,Human Resources,4,Single,14423,18691,5,Yes,Y,23,3,3,0,33,5,1,14,14,5,8
58,No,Travel_Frequently,1111,Research & Development,17,1,Human Resources,1,31,2,Male,58,1,2,Laboratory Technician,2,Married,11675,6887,5,No,Y,14,3,3,3,16,1,4,18,4,4,2
18,No,Non-Travel,1012,Research & Development,17,1,Technical Degree,1,32,4,Female,64,4,4,Manager,1,Divorced,11478,26557,7,Yes,Y,18,3,1,2,8,4,1,7,6,7,13
54,No,Travel_Frequently,284,Human Resources,7,1,Life Sciences,1,33,2,Female,79,2,1,Sales Executive,3,Married,14248,18049,1,Yes,Y,19,3,2,2,30,6,2,11,10,4,5
58,No,Non-Travel,827,Research & Development,25,5,Other,1,34,1,Female,71,4,2,Manager,4,Single,13503,21422,8,No,Y,16,3,4,0,30,2,4,7,10,1,11
20,No,Travel_Frequently,502,Human Resources,16,3,Medical,1,35,3,Female,60,2,3,Manager,1,Divorced,3930,8256,0,Yes,Y,12,3,1,3,16,5,3,16,12,3,2
30,No,Travel_Rarely,1089,Human Resources,8,3,Technical Degree,1,36,4,Female,99,1,2,Human Resources,4,Divorced,4095,28539,0,No,Y,16,3,1,2,0,0,3,6,2,6,11
58,No,Non-Travel,497,Sales,4,3,Technical Degree,1,37,3,Female,56,2,2,Laboratory Technician,1,Divorced,7779,27823,7,No,Y,24,3,4,0,36,2,2,4,5,8,14
55,No,Travel_Rarely,254,Research & Development,4,2,Technical Degree,1,38,1,Female,48,2,3,Human Resources,3,Divorced,16586,10257,1,No,Y,17,3,3,0,18,4,1,2,9,1,11
38,Yes,Non-Travel,1244,Sales,14,5,Other,1,39,1,Male,74,1,4,Sales Executive,2,Married,19346,11660,7,Yes,Y,17,3,1,0,0,5,3,13,3,0,14
58,Yes,Travel_Rarely,1039,Research & Development,20,2,Medical,1,40,1,Male,96,2,3,Manufacturing Director,2,Divorced,10591,9681,4,No,Y,14,3,2,2,5,5,2,1,10,1,0
48,No,Travel_Rarely,298,Research & Development,4,5,Life Sciences,1,41,1,Male,56,2,4,Manager,2,Divorced,7934,7195,0,Yes,Y,11,4,1,2,1,6,2,3,4,9,14
58,No,Travel_Rarely,139,Human Resources,12,1,Technical Degree,1,42,4,Female,51,3,1,Research Scientist,2,Single,14274,25220,2,Yes,Y,14,3,3,0,34,6,1,13,13,5,10
36,No,Non-Travel,428,Human Resources,22,3,Technical Degree,1,43,2,Female,47,1,2,Human Resources,1,Single,5702,8552,1,No,Y,16,3,2,3,34,1,1,8,4,5,4
25,No,Non-Travel,878,Human Resources,27,1,Marketing,1,44,2,Female,96,2,2,Manager,3,Single,6425,11715,8,Yes,Y,24,3,2,0,21,0,1,15,1,5,4
57,Yes,Non-Travel,368,Research & Development,28,3,Technical Degree,1,45,4,Male,51,1,2,Healthcare Representative,2,Married,19934,22179,4,Yes,Y,10,3,2,0,28,5,2,6,4,9,7
50,No,Travel_Frequently,580,Research & Development,29,4,Other,1,46,2,Male,55,1,2,Laboratory Technician,1,Married,13541,22696,3,Yes,Y,16,3,4,1,9,3,4,7,10,1,11
31,Yes,Non-Travel,1421,Research & Development,5,5,Medical,1,47,3,Female,38,1,4,Research Scientist,1,Married,14691,26223,8,No,Y,18,3,3,0,31,4,2,14,14,9,8
32,No,Travel_Frequently,883,Research & Development,6,4,Life Sciences,1,48,2,Male,31,4,4,Sales Executive,3,Divorced,12264,27993,3,No,Y,23,3,2,3,38,6,1,13,7,6,13
37,No,Travel_Rarely,1148,Sales,3,4,Medical,1,49,2,Female,98,2,5,Research Scientist,4,Divorced,19925,7619,0,Yes,Y,12,3,1,1,0,1,1,17,9,2,1
51,No,Non-Travel,708,Sales,28,3,Life Sciences,1,50,2,Male,51,2,2,Laboratory Technician,3,Married,15562,15277,8,Yes,Y,21,3,1,0,6,3,3,1,13,8,9
50,No,Travel_Frequently,1449,Human Resources,8,3,Life Sciences,1,51,2,Female,69,4,1,Laboratory Technician,4,Married,15157,4892,9,No,Y,16,3,1,0,39,1,1,19,13,5,11
44,No,Travel_Rarely,147,Sales,24,5,Technical Degree,1,52,3,Female,63,1,1,Manufacturing Director,3,Divorced,14115,9310,3,Yes,Y,14,4,4,1,19,5,2,13,8,2,7
57,No,Non-Travel,1053,Research & Development,22,4,Human Resources,1,53,2,Female,88,4,4,Human Resources,3,Married,19644,18133,1,Yes,Y,22,3,1,0,20,2,3,9,3,6,3
38,No,Travel_Frequently,288,Research & Development,8,3,Medical,1,54,2,Female,37,2,1,Healthcare Representative,3,Married,4293,11129,8,Yes,Y,15,3,4,1,14,3,3,7,4,0,6
59,Yes,Travel_Rarely,205,Sales,3,2,Human Resources,1,55,1,Male,76,1,3,Sales Executive,2,Single,17485,10939,4,No,Y,14,3,4,1,12,6,4,9,1,1,8
18,No,Travel_Frequently,400,Human Resources,2,3,Medical,1,56,2,Male,63,2,1,Research Scientist,3,Married,18854,22042,0,Yes,Y,19,3,1,3,39,3,2,10,7,8,1
18,No,Travel_Rarely,1187,Human Resources,19,1,Other,1,57,2,Female,66,3,5,Sales Executive,3,Divorced,2213,21953,2,No,Y,19,3,4,2,36,3,3,4,9,3,9
41,No,Non-Travel,1261,Sales,29,2,Human Resources,1,58,1,Male,33,3,4,Sales Executive,2,Divorced,19920,12557,5,Yes,Y,12,3,1,2,18,6,1,9,14,2,13
28,No,Travel_Frequently,837,Sales,4,5,Other,1,59,3,Male,30,3,1,Manufacturing Director,4,Divorced,19915,14111,8,No,Y,18,3,1,1,36,4,4,0,10,9,13
19,Yes,Travel_Rarely,137,Sales,3,4,Technical Degree,1,60,3,Female,37,4,1,Sales Executive,3,Married,13903,24286,0,No,Y,11,3,2,1,29,6,4,1,7,2,9
33,No,Travel_Frequently,1424,Sales,22,5,Other,1,61,3,Female,88,1,5,Manufacturing Director,1,Single,9247,3662,2,No,Y,22,3,1,1,13,5,4,7,9,7,14
52,Yes,Travel_Rarely,283,Sales,8,3,Marketing,1,62,3,Female,75,4,2,Manager,2,Divorced,6214,20254,8,No,Y,21,3,2,3,3,6,2,14,10,2,3
48,Yes,Travel_Frequently,681,Human Resources,18,2,Medical,1,63,2,Male,40,4,3,Healthcare Representative,3,Married,7565,22767,9,Yes,Y,17,4,3,1,15,6,1,11,6,2,8
22,No,Travel_Frequently,273,Sales,21,2,Life Sciences,1,64,3,Male,83,2,2,Sales Executive,4,Divorced,12652,6859,9,Yes,Y,12,4,2,2,16,1,2,5,9,4,4
46,No,Non-Travel,623,Human Resources,18,4,Human Resources,1,65,4,Male,84,2,2,Healthcare Representative,4,Married,18804,9771,6,Yes,Y,18,3,3,0,20,5,2,5,5,3,8
19,No,Travel_Frequently,351,Sales,23,3,Medical,1,66,4,Male,54,3,1,Human Resources,4,Married,3867,9332,1,Yes,Y,18,3,2,3,13,4,4,4,5,1,5
40,No,Travel_Frequently,1401,Human Resources,1,4,Other,1,67,3,Male,63,1,1,Research Scientist,2,Married,15096,15888,8,No,Y,11,3,3,0,37,2,3,0,5,3,11
59,No,Travel_Rarely,758,Research & Development,26,1,Technical Degree,1,68,2,Male,43,4,5,Healthcare Representative,2,Divorced,15215,26131,2,No,Y,23,3,3,1,37,5,4,9,9,2,5
43,No,Non-Travel,497,Sales,29,1,Technical Degree,1,69,4,Male,46,2,1,Research Scientist,2,Married,12543,10112,1,No,Y,12,3,2,2,32,1,2,6,1,4,12
49,No,Travel_Rarely,170,Research & Development,29,5,Marketing,1,70,2,Male,76,2,4,Research Scientist,3,Divorced,4272,20609,0,Yes,Y,20,3,2,1,36,6,4,11,13,2,9
59,No,Non-Travel,629,Human Resources,24,5,Human Resources,1,71,4,Male,83,2,2,Human Resources,4,Married,2014,9852,7,Yes,Y,15,4,3,2,36,0,2,15,11,1,0
38,Yes,Travel_Rarely,899,Human Resources,13,4,Medical,1,72,1,Female,84,2,5,Laboratory Technician,1,Married,16294,15445,8,Yes,Y,19,3,3,0,6,5,4,5,7,8,8
47,Yes,Travel_Rarely,678,Sales,27,4,Human Resources,1,73,1,Male,36,4,2,Healthcare Representative,4,Married,5272,22333,0,No,Y,21,3,1,1,2,5,3,15,2,7,2
21,No,Non-Travel,1363,Human Resources,10,4,Life Sciences,1,74,3,Male,92,4,1,Laboratory Technician,1,Divorced,18254,13387,4,No,Y,22,3,1,2,9,5,4,7,2,6,1
39,No,Travel_Rarely,237,Sales,4,2,Technical Degree,1,75,4,Female,71,1,5,Laboratory Technician,3,Married,9337,21997,1,No,Y,19,3,2,3,27,6,3,12,12,4,6
57,No,Travel_Frequently,894,Research & Development,12,5,Medical,1,76,2,Male,88,3,2,Healthcare Representative,1,Single,11921,2398,2,Yes,Y,19,3,2,3,34,1,3,12,3,1,13
49,No,Travel_Frequently,402,Human Resources,27,4,Life Sciences,1,77,2,Female,90,3,3,Sales Executive,3,Single,14851,24620,1,No,Y,20,3,4,0,7,2,4,9,10,9,8
51,No,Travel_Rarely,1415,Human Resources,3,1,Marketing,1,78,3,Male,46,1,4,Laboratory Technician,4,Married,18570,21870,6,Yes,Y,20,3,2,3,28,2,3,15,11,7,4
36,No,Travel_Frequently,1214,Sales,23,4,Life Sciences,1,79,3,Male,77,4,1,Sales Executive,2,Single,9058,15582,9,No,Y,22,3,2,0,2,2,2,16,13,3,0
27,No,Non-Travel,443,Research & Development,25,5,Medical,1,80,2,Female,35,4,5,Sales Executive,2,Single,6649,18309,2,No,Y,24,3,4,2,22,4,3,6,14,7,13
25,No,Non-Travel,1147,Human Resources,13,2,Life Sciences,1,81,2,Male,65,4,4,Manager,1,Divorced,8561,22572,4,No,Y,16,3,2,3,5,2,3,2,8,8,10
20,No,Travel_Frequently,1292,Research & Development,12,4,Medical,1,82,1,Male,94,4,5,Manufacturing Director,4,Divorced,19443,19532,6,No,Y,10,3,1,0,24,2,3,17,6,1,1
51,No,Non-Travel,845,Human Resources,20,5,Medical,1,83,2,Female,42,4,2,Sales Executive,1,Single,14986,12928,0,Yes,Y,23,3,2,0,33,3,3,0,2,2,3
27,Yes,Non-Travel,847,Sales,6,1,Technical Degree,1,84,1,Male,33,4,5,Manager,4,Married,19674,4693,4,Yes,Y,12,3,3,0,25,5,3,3,2,9,10
30,No,Travel_Frequently,400,Human Resources,22,4,Life Sciences,1,85,1,Male,73,4,2,Laboratory Technician,4,Divorced,10360,2442,5,Yes,Y,17,3,4,2,29,6,2,7,5,1,14
42,No,Non-Travel,962,Research & Development,3,5,Medical,1,86,3,Female,53,1,5,Manager,4,Divorced,18567,27730,7,No,Y,16,3,1,1,30,3,4,13,11,9,6
21,No,Travel_Rarely,931,Human Resources,16,3,Life Sciences,1,87,1,Male,49,2,1,Research Scientist,1,Divorced,7005,13086,9,No,Y,23,3,1,0,34,6,1,11,14,8,11
21,No,Travel_Frequently,106,Human Resources,3,5,Technical Degree,1,88,3,Male,30,1,5,Human Resources,3,Married,18756,19084,6,Yes,Y,13,3,1,2,4,6,2,16,7,1,0
41,Yes,Non-Travel,598,Sales,11,3,Life Sciences,1,89,1,Male,48,3,3,Research Scientist,1,Single,15019,25747,2,Yes,Y,21,4,2,1,27,1,1,8,11,6,1
45,Yes,Travel_Rarely,1337,Sales,4,1,Marketing,1,90,3,Female,51,3,3,Laboratory Technician,4,Single,14248,29097,7,Yes,Y,16,3,3,1,39,5,1,17,4,3,2
57,No,Travel_Frequently,604,Research & Development,27,2,Medical,1,91,3,Male,81,3,2,Manager,4,Single,5663,4299,0,Yes,Y,10,3,4,2,22,0,2,18,6,9,10
54,No,Travel_Frequently,1404,Research & Development,17,2,Life Sciences,1,92,4,Female,99,2,1,Sales Executive,3,Married,5572,10443,5,No,Y,13,3,4,2,19,3,3,12,6,4,3
49,Yes,Non-Travel,1274,Research & Development,12,2,Marketing,1,93,2,Female,33,4,5,Sales Executive,3,Single,13562,22255,3,No,Y,16,3,3,2,4,5,3,4,12,9,8
42,No,Travel_Rarely,1206,Sales,5,4,Marketing,1,94,4,Female,81,2,2,Healthcare Representative,1,Single,7191,9943,6,Yes,Y,14,3,4,2,22,5,1,18,6,9,10
58,No,Travel_Rarely,1463,Sales,26,2,Marketing,1,95,1,Male,69,3,3,Manager,4,Divorced,6317,24338,7,Yes,Y,18,3,3,1,3,1,3,16,10,8,0
31,No,Travel_Frequently,1031,Human Resources,7,1,Medical,1,96,4,Female,70,4,5,Human Resources,1,Married,11959,9836,9,No,Y,17,3,4,1,8,3,3,18,2,6,6
21,No,Travel_Rarely,979,Human Resources,12,2,Technical Degree,1,97,2,Male,79,1,5,Laboratory Technician,1,Divorced,10134,2441,7,No,Y,24,4,3,0,23,1,3,15,2,2,11
26,No,Travel_Rarely,517,Human Resources,11,2,Human Resources,1,98,2,Female,57,4,5,Human Resources,3,Married,19469,8825,1,Yes,Y,19,3,4,3,8,1,2,6,14,6,12
58,No,Travel_Frequently,209,Human Resources,11,3,Human Resources,1,99,2,Male,57,2,5,Research Scientist,4,Single,15866,22676,8,No,Y,18,3,3,1,12,6,4,8,12,9,9
58,No,Non-Travel,927,Human Resources,12,3,Medical,1,100,1,Male,42,2,5,Healthcare Representative,1,Divorced,17489,17374,6,No,Y,20,3,2,1,3,6,4,5,5,2,2
36,No,Travel_Frequently,883,Sales,1,1,Medical,1,101,1,Male,74,1,5,Laboratory Technician,2,Married,10051,3998,7,No,Y,17,4,2,0,36,6,3,0,3,0,9
42,Yes,Travel_Frequently,762,Human Resources,29,4,Medical,1,102,3,Male,47,2,3,Laboratory Technician,2,Divorced,16698,6243,9,No,Y,22,3,1,1,0,1,3,12,2,4,1
55,No,Travel_Frequently,707,Human Resources,4,2,Medical,1,103,4,Male,67,3,1,Healthcare Representative,2,Single,14515,4025,1,Yes,Y,15,3,3,2,21,6,3,19,9,8,3
54,Yes,Travel_Rarely,256,Human Resources,13,4,Human Resources,1,104,4,Male,35,2,4,Research Scientist,4,Divorced,8443,8346,9,No,Y,16,3,2,0,34,6,2,11,10,6,7
36,No,Travel_Rarely,867,Research & Development,12,2,Human Resources,1,105,3,Female,77,2,5,Manufacturing Director,3,Married,4925,18846,6,No,Y,18,3,3,1,24,5,2,8,11,1,6
27,No,Travel_Rarely,383,Human Resources,21,1,Life Sciences,1,106,2,Female,57,2,2,Manufacturing Director,2,Married,13298,10710,1,No,Y,10,3,3,0,10,5,2,13,11,2,9
32,Yes,Travel_Rarely,152,Human Resources,6,1,Human Resources,1,107,4,Female,97,2,5,Research Scientist,3,Married,9847,21714,3,No,Y,14,3,2,2,32,2,2,7,12,8,10
42,No,Travel_Frequently,614,Human Resources,16,5,Marketing,1,108,4,Male,86,3,5,Human Resources,1,Married,7320,18175,4,No,Y,10,3,1,0,10,0,3,18,14,8,5
18,No,Non-Travel,650,Sales,19,3,Human Resources,1,109,2,Male,66,2,5,Sales Executive,4,Single,17478,18641,9,No,Y,21,3,2,3,28,6,1,16,1,2,12
40,No,Travel_Rarely,376,Research & Development,9,4,Technical Degree,1,110,4,Female,36,4,5,Research Scientist,2,Divorced,2341,28523,0,No,Y,12,3,1,1,33,2,1,14,3,1,2
24,No,Travel_Rarely,588,Sales,22,2,Technical Degree,1,111,4,Female,63,3,1,Manufacturing Director,3,Married,10123,22091,4,No,Y,24,3,1,0,0,5,2,0,3,4,8
27,Yes,Non-Travel,225,Research & Development,18,5,Human Resources,1,112,4,Female,99,2,1,Sales Executive,1,Married,18926,29078,3,No,Y,14,3,3,1,14,1,3,14,5,5,12
24,Yes,Non-Travel,905,Human Resources,9,1,Marketing,1,113,4,Female,84,1,1,Manager,4,Single,14102,24233,1,Yes,Y,22,4,2,1,26,4,1,19,10,6,2
34,No,Non-Travel,956,Research & Development,28,3,Life Sciences,1,114,2,Female,84,1,3,Manufacturing Director,4,Married,19397,10136,5,Yes,Y,11,3,1,0,15,0,3,10,7,5,3
36,No,Travel_Rarely,979,Sales,11,4,Marketing,1,115,4,Female,67,1,3,Human Resources,2,Married,18893,19908,2,No,Y,16,3,3,2,1,4,2,10,0,9,0
38,No,Travel_Frequently,684,Sales,11,5,Life Sciences,1,116,3,Male,88,3,3,Sales Executive,3,Married,18551,15711,8,No,Y,20,3,1,3,9,5,3,6,5,6,12
25,No,Travel_Frequently,1007,Human Resources,28,3,Human Resources,1,117,1,Female,64,1,4,Sales Executive,2,Divorced,13678,21548,1,No,Y,23,3,1,2,2,3,4,7,7,7,10
31,No,Travel_Frequently,1040,Human Resources,9,4,Marketing,1,118,3,Male,40,4,4,Manufacturing Director,2,Single,11703,19681,9,Yes,Y,20,3,3,0,38,5,3,17,4,3,4
39,No,Travel_Rarely,931,Research & Development,5,3,Life Sciences,1,119,3,Male,37,3,2,Sales Executive,2,Married,17974,20596,6,Yes,Y,17,3,3,0,30,4,4,17,4,9,10
46,No,Travel_Frequently,104,Sales,27,3,Human Resources,1,120,1,Male,90,1,3,Manager,3,Single,15163,5860,1,No,Y,10,3,2,2,36,0,2,17,13,7,0
26,No,Non-Travel,919,Research & Development,3,4,Human Resources,1,121,3,Female,54,3,5,Healthcare Representative,3,Married,16164,27331,9,Yes,Y,17,3,1,1,7,1,1,10,7,2,12
42,No,Travel_Frequently,709,Human Resources,14,2,Marketing,1,122,1,Female,63,2,2,Laboratory Technician,3,Single,2025,13943,8,Yes,Y,16,3,3,0,22,2,3,4,4,6,14
46,Yes,Non-Travel,1349,Research & Development,25,3,Technical Degree,1,123,1,Female,91,3,3,Human Resources,2,Single,9170,15071,0,Yes,Y,10,3,3,0,16,5,3,11,9,1,7
53,Yes,Non-Travel,942,Human Resources,22,3,Technical Degree,1,124,4,Female,91,2,4,Research Scientist,1,Married,18833,17695,8,No,Y,22,3,2,3,1,0,4,18,11,5,4
45,No,Non-Travel,1277,Sales,16,3,Medical,1,125,1,Male,41,3,3,Human Resources,1,Married,9253,23882,1,No,Y,12,3,3,2,1,0,1,0,4,7,8
22,No,Travel_Rarely,1171,Human Resources,10,1,Human Resources,1,126,1,Male,32,4,5,Human Resources,2,Married,4922,25525,7,No,Y,11,3,1,1,33,4,2,12,4,4,8
21,No,Travel_Frequently,770,Sales,16,3,Marketing,1,127,1,Male,99,3,5,Research Scientist,4,Divorced,3807,24418,5,Yes,Y,21,3,3,2,1,6,3,3,1,6,5
58,Yes,Travel_Rarely,235,Human Resources,19,2,Human Resources,1,128,2,Male,55,1,5,Laboratory Technician,1,Married,2371,18113,0,Yes,Y,18,3,2,1,4,0,2,16,12,4,13
43,No,Non-Travel,526,Sales,9,5,Other,1,129,1,Male,76,2,2,Research Scientist,4,Single,19096,29942,8,No,Y,14,3,2,2,21,2,4,19,8,6,0
46,No,Travel_Rarely,433,Sales,8,4,Human Resources,1,130,2,Female,94,3,4,Manager,3,Married,19947,5133,8,Yes,Y,17,3,2,0,19,3,2,2,7,1,11
32,No,Travel_Rarely,878,Human Resources,11,5,Other,1,131,2,Male,37,1,2,Human Resources,1,Single,10899,5146,6,Yes,Y,17,3,1,2,20,3,2,15,11,2,0
55,No,Travel_Frequently,1124,Sales,21,3,Medical,1,132,1,Male,37,2,1,Sales Executive,3,Single,6809,4174,0,Yes,Y,16,3,1,2,8,5,4,4,12,3,4
43,Yes,Non-Travel,232,Sales,11,4,Life Sciences,1,133,2,Female,37,3,1,Laboratory Technician,4,Divorced,3639,23286,1,Yes,Y,13,3,3,3,7,6,3,9,6,7,3
58,Yes,Travel_Rarely,615,Sales,19,5,Other,1,134,2,Male,48,2,4,Laboratory Technician,3,Divorced,3135,24111,5,Yes,Y,13,3,3,3,33,5,1,9,4,1,12
18,No,Non-Travel,711,Research & Development,2,5,Medical,1,135,3,Female,61,4,3,Research Scientist,2,Married,10799,8585,7,Yes,Y,23,4,2,3,3,3,2,10,11,4,11
24,No,Travel_Frequently,238,Research & Development,1,1,Medical,1,136,2,Female,60,2,3,Healthcare Representative,1,Divorced,17022,28655,7,No,Y,10,3,3,2,31,2,1,1,8,0,2
19,No,Non-Travel,188,Research & Development,3,5,Other,1,137,1,Female,94,1,5,Human Resources,3,Single,19615,9766,5,Yes,Y,22,4,2,1,11,3,1,17,2,9,6
22,No,Travel_Frequently,1097,Human Resources,19,4,Marketing,1,138,4,Female,85,1,5,Manufacturing Director,4,Single,10005,10831,7,No,Y,23,3,2,2,35,2,2,18,3,9,9
53,No,Travel_Frequently,660,Sales,13,2,Technical Degree,1,139,3,Female,47,2,4,Manufacturing Director,3,Single,2951,12962,6,Yes,Y,14,3,2,1,0,0,2,0,10,2,12
23,No,Travel_Rarely,1126,Sales,24,1,Human Resources,1,140,1,Female,33,1,1,Human Resources,1,Single,14032,6753,3,Yes,Y,23,3,1,3,24,6,4,1,13,8,1
23,No,Travel_Frequently,1134,Sales,14,4,Life Sciences,1,141,3,Male,59,3,3,Research Scientist,3,Married,9029,10585,4,Yes,Y,16,3,2,3,36,4,2,5,11,9,7
18,No,Non-Travel,276,Human Resources,20,2,Human Resources,1,142,1,Female,69,3,2,Healthcare Representative,2,Married,4067,24250,2,No,Y,17,3,2,3,1,1,2,13,2,1,5
44,No,Travel_Frequently,769,Research & Development,4,5,Other,1,143,1,Female,91,4,4,Manufacturing Director,1,Divorced,18349,21517,6,Yes,Y,19,3,3,3,3,3,1,6,12,9,13
47,Yes,Travel_Frequently,349,Sales,29,4,Marketing,1,144,3,Female,86,4,5,Healthcare Representative,1,Divorced,14564,8824,3,Yes,Y,22,3,2,3,11,3,1,2,11,0,11
18,No,Travel_Rarely,1044,Sales,15,5,Other,1,145,3,Female,68,3,5,Research Scientist,2,Single,13868,13773,3,Yes,Y,11,3,3,2,28,1,4,1,4,5,14
41,No,Travel_Rarely,896,Sales,24,3,Human Resources,1,146,3,Male,85,4,3,Manufacturing Director,1,Married,14137,19104,8,Yes,Y,21,3,2,2,32,3,1,18,8,7,0
48,Yes,Travel_Rarely,304,Research & Development,5,3,Technical Degree,1,147,3,Male,53,4,4,Manager,2,Married,3525,13666,2,No,Y,24,3,1,3,39,5,2,8,1,3,14
59,No,Travel_Frequently,1074,Research & Development,25,5,Other,1,148,3,Female,74,3,4,Healthcare Representative,1,Divorced,2052,19237,7,No,Y,12,4,4,1,6,1,3,6,1,0,5
47,No,Travel_Rarely,770,Research & Development,22,3,Human Resources,1,149,1,Female,41,2,2,Research Scientist,1,Divorced,19163,3540,5,Yes,Y,11,3,2,0,3,3,2,14,7,4,6
30,No,Non-Travel,762,Research & Development,25,5,Technical Degree,1,150,2,Male,38,1,1,Research Scientist,3,Married,12842,17614,9,No,Y,11,3,3,0,39,4,4,14,12,8,13
36,No,Travel_Rarely,940,Human Resources,24,3,Marketing,1,151,4,Male,54,2,4,Human Resources,3,Single,13289,22237,2,Yes,Y,20,3,1,2,19,5,4,6,14,2,5
59,No,Travel_Rarely,1483,Sales,12,4,Technical Degree,1,152,1,Male,98,2,1,Manager,4,Divorced,11000,7955,0,No,Y,14,3,3,0,10,1,4,4,1,6,7
42,No,Non-Travel,840,Sales,10,1,Life Sciences,1,153,1,Male,97,1,3,Manager,4,Married,16712,27577,6,No,Y,11,3,3,3,0,6,3,0,7,4,11
24,No,Non-Travel,467,Research & Development,20,2,Medical,1,154,2,Male,70,3,4,Manager,2,Divorced,15979,27395,8,Yes,Y,10,3,3,3,28,0,3,18,6,3,9
56,No,Non-Travel,797,Human Resources,4,1,Human Resources,1,155,2,Male,38,1,2,Manufacturing Director,4,Married,13709,7919,6,No,Y,14,3,2,1,27,1,4,15,4,6,4
31,No,Non-Travel,202,Sales,17,2,Human Resources,1,156,1,Male,83,3,4,Sales Executive,2,Divorced,9657,5100,5,No,Y,11,3,4,0,23,5,4,0,2,3,11
42,No,Non-Travel,880,Human Resources,7,2,Life Sciences,1,157,2,Female,94,2,5,Laboratory Technician,1,Divorced,18329,14285,2,No,Y,20,3,2,3,11,2,1,11,13,6,10
24,No,Non-Travel,860,Sales,1,2,Marketing,1,158,4,Female,82,2,2,Manager,2,Divorced,12545,4343,2,Yes,Y,18,3,4,3,24,3,1,19,5,9,10
39,No,Non-Travel,264,Research & Development,12,1,Marketing,1,159,4,Male,43,3,3,Manufacturing Director,4,Married,2965,6566,3,No,Y,11,3,1,0,7,1,4,12,12,5,9
58,No,Travel_Frequently,1230,Sales,15,4,Medical,1,160,1,Male,32,1,4,Laboratory Technician,2,Single,3699,26972,0,No,Y,22,4,2,3,29,2,4,14,6,1,14
43,Yes,Travel_Frequently,104,Sales,3,1,Human Resources,1,161,1,Female,93,4,5,Research Scientist,3,Single,6402,3422,3,No,Y,24,3,4,0,30,6,4,9,0,0,10
34,No,Travel_Frequently,102,Sales,13,2,Human Resources,1,162,1,Male,69,3,3,Manufacturing Director,3,Single,4624,4061,4,No,Y,14,3,1,2,11,3,4,18,4,9,0
26,No,Travel_Frequently,525,Research & Development,8,3,Other,1,163,1,Female,65,1,2,Sales Executive,3,Divorced,18642,24738,6,No,Y,22,3,3,1,20,6,2,3,6,7,9
32,Yes,Non-Travel,1077,Human Resources,11,3,Human Resources,1,164,3,Female,64,3,3,Research Scientist,1,Married,7823,12568,4,No,Y,16,3,2,1,3,0,4,2,7,8,8
18,No,Travel_Rarely,632,Research & Development,2,3,Medical,1,165,1,Male,83,3,3,Healthcare Representative,2,Married,4506,9048,0,No,Y,16,3,4,0,3,6,3,6,11,4,1
32,Yes,Travel_Frequently,458,Sales,3,2,Medical,1,166,2,Female,95,1,2,Research Scientist,1,Single,17380,10540,5,No,Y,21,3,4,3,0,6,1,13,11,0,5
34,No,Travel_Rarely,1399,Research & Development,17,1,Medical,1,167,1,Female,32,4,2,Sales Executive,1,Married,18195,11159,7,No,Y,23,3,2,0,25,3,1,8,11,5,11
52,No,Non-Travel,787,Research & Development,11,1,Life Sciences,1,168,1,Female,48,4,4,Human Resources,3,Divorced,3298,5522,5,No,Y,16,4,2,3,33,6,3,17,10,6,2
36,No,Non-Travel,934,Sales,19,3,Marketing,1,169,2,Male,57,3,4,Sales Executive,2,Divorced,14215,9266,3,Yes,Y,16,3,2,0,6,1,4,2,7,5,10
53,No,Travel_Frequently,1021,Sales,12,4,Other,1,170,4,Male,74,4,4,Human Resources,2,Single,17109,22123,7,No,Y,16,3,2,0,2,4,3,9,14,5,2
32,No,Non-Travel,1209,Sales,11,5,Marketing,1,171,1,Female,47,2,5,Human Resources,1,Single,16880,14172,2,No,Y,13,3,4,1,7,4,3,18,9,3,2
21,No,Travel_Frequently,1115,Sales,19,5,Human Resources,1,172,1,Male,52,2,3,Laboratory Technician,1,Single,2525,14092,3,Yes,Y,16,3,4,3,2,5,1,13,7,9,7
35,No,Travel_Rarely,307,Sales,17,2,Other,1,173,3,Female,38,1,5,Human Resources,3,Single,13318,9816,7,No,Y,22,3,3,0,27,2,3,6,1,8,9
48,No,Non-Travel,1369,Human Resources,10,4,Life Sciences,1,174,3,Male,31,1,4,Healthcare Representative,2,Married,6430,20300,6,Yes,Y,23,3,4,2,22,3,1,13,8,2,5
50,No,Non-Travel,969,Research & Development,7,2,Medical,1,175,3,Female,36,3,4,Healthcare Representative,1,Divorced,16753,10747,0,No,Y,19,3,4,3,5,1,4,11,1,5,12
27,No,Travel_Rarely,1140,Human Resources,21,5,Medical,1,176,2,Female,30,1,3,Manufacturing Director,1,Married,8634,29248,3,Yes,Y,17,3,3,0,31,0,4,12,12,6,7
51,No,Travel_Rarely,579,Research & Development,11,1,Medical,1,177,1,Male,92,4,1,Human Resources,4,Divorced,2069,15691,2,No,Y,12,3,2,1,33,2,2,10,7,7,13
53,No,Travel_Rarely,519,Sales,11,1,Medical,1,178,3,Female,69,2,1,Manager,4,Single,17113,19301,8,Yes,Y,18,3,4,3,24,4,2,0,9,9,7
23,Yes,Non-Travel,922,Research & Development,16,1,Life Sciences,1,179,4,Male,58,3,1,Laboratory Technician,1,Divorced,4349,26857,6,Yes,Y,11,3,1,0,5,2,2,13,4,9,12
30,No,Non-Travel,1181,Research & Development,7,3,Other,1,180,4,Male,51,1,3,Human Resources,4,Married,17339,28820,7,Yes,Y,11,3,3,2,9,2,4,7,2,9,3
19,No,Non-Travel,795,Sales,23,4,Technical Degree,1,181,1,Male,32,3,4,Healthcare Representative,2,Divorced,2289,4634,9,No,Y,13,3,2,1,30,6,3,6,13,8,13
45,No,Non-Travel,1471,Human Resources,10,3,Life Sciences,1,182,3,Female,31,4,3,Laboratory Technician,4,Divorced,7631,10777,2,Yes,Y,15,3,4,1,15,5,2,13,1,9,1
46,Yes,Travel_Rarely,655,Human Resources,23,1,Medical,1,183,1,Male,30,2,5,Human Resources,1,Single,14148,19748,6,Yes,Y,16,3,2,2,12,0,4,1,7,3,11
44,No,Travel_Rarely,1498,Research & Development,24,5,Medical,1,184,2,Female,82,3,3,Research Scientist,3,Divorced,12826,14314,3,No,Y,23,3,1,3,19,5,3,6,4,7,2
30,No,Travel_Frequently,930,Sales,26,3,Technical Degree,1,185,4,Male,97,4,5,Manager,4,Single,2514,13529,2,No,Y,14,4,1,0,28,5,4,12,6,2,11
35,No,Travel_Frequently,132,Human Resources,19,5,Human Resources,1,186,4,Female,72,2,4,Human Resources,1,Single,7136,19257,1,No,Y,23,3,4,0,36,4,1,8,5,5,3
28,No,Non-Travel,1412,Sales,3,1,Life Sciences,1,187,4,Male,55,1,5,Laboratory Technician,3,Married,3516,27272,0,Yes,Y,12,3,4,0,28,3,4,15,12,5,14
26,No,Travel_Frequently,421,Sales,20,1,Technical Degree,1,188,2,Female,47,2,1,Healthcare Representative,3,Single,3506,2466,8,Yes,Y,10,3,1,1,1,4,1,5,8,9,2
57,No,Travel_Rarely,271,Sales,22,2,Other,1,189,4,Female,84,1,1,Research Scientist,4,Divorced,13599,18717,0,Yes,Y,17,3,1,1,32,5,2,14,5,1,7
23,No,Non-Travel,1076,Human Resources,24,5,Life Sciences,1,190,4,Female,89,3,3,Healthcare Representative,2,Single,16621,18703,4,Yes,Y,22,3,3,0,25,4,2,0,12,4,7
59,No,Travel_Rarely,1059,Research & Development,23,1,Marketing,1,191,3,Male,92,3,5,Research Scientist,3,Divorced,8492,6809,5,No,Y,21,3,1,1,28,1,4,6,0,0,11
59,No,Travel_Frequently,1422,Research & Development,10,4,Other,1,192,3,Male,63,1,1,Laboratory Technician,3,Divorced,6110,12541,7,Yes,Y,14,3,2,1,8,5,4,2,3,6,0
51,No,Non-Travel,1047,Research & Development,10,4,Life Sciences,1,193,3,Female,84,3,3,Manager,1,Single,12324,2883,6,No,Y,20,3,3,1,38,4,1,10,10,8,14
27,No,Travel_Rarely,619,Research & Development,24,4,Technical Degree,1,194,1,Female,31,4,1,Manufacturing Director,4,Single,18672,29064,4,No,Y,11,3,3,2,16,1,2,8,8,6,3
22,No,Travel_Frequently,1307,Sales,23,1,Life Sciences,1,195,1,Male,40,3,1,Research Scientist,2,Married,18319,28476,7,Yes,Y,16,3,1,2,31,5,3,16,8,0,10
25,No,Non-Travel,992,Research & Development,25,4,Other,1,196,2,Male,51,2,5,Human Resources,2,Single,3076,26475,4,No,Y,17,3,3,0,29,4,4,16,2,2,5
33,Yes,Non-Travel,1007,Research & Development,16,2,Life Sciences,1,197,1,Female,84,3,1,Sales Executive,2,Married,8224,16967,9,No,Y,13,3,4,2,18,0,2,18,5,2,9
46,No,Travel_Frequently,960,Sales,1,5,Technical Degree,1,198,4,Female,33,2,3,Research Scientist,3,Single,11407,10160,2,Yes,Y,23,3,2,2,9,0,1,15,1,8,9
41,No,Travel_Frequently,1149,Human Resources,18,4,Technical Degree,1,199,2,Male,32,1,2,Human Resources,4,Divorced,4231,27618,3,No,Y,10,3,4,0,38,2,4,16,6,4,1
56,No,Non-Travel,1099,Human Resources,12,2,Marketing,1,200,1,Male,37,3,3,Manufacturing Director,1,Married,14707,28168,4,No,Y,24,3,4,1,26,6,3,17,0,5,14
47,Yes,Travel_Frequently,908,Research & Development,1,2,Medical,1,201,3,Female,89,1,4,Human Resources,1,Married,16927,16722,9,Yes,Y,24,3,1,1,39,4,2,11,8,6,2
57,No,Travel_Rarely,1060,Research & Development,4,4,Life Sciences,1,202,4,Female,33,1,1,Healthcare Representative,3,Married,5991,26821,0,Yes,Y,23,3,4,2,21,2,4,10,5,8,13
42,No,Travel_Frequently,502,Sales,28,5,Medical,1,203,1,Female,66,1,5,Laboratory Technician,4,Single,6017,24376,3,Yes,Y,12,3,3,0,7,2,2,16,10,3,2
55,No,Travel_Frequently,1182,Sales,25,4,Life Sciences,1,204,3,Male,82,4,4,Human Resources,3,Married,9754,27879,8,Yes,Y,14,3,1,1,3,4,4,8,2,2,6
23,No,Travel_Frequently,947,Research & Development,8,3,Human Resources,1,205,4,Male,84,4,5,Manager,1,Divorced,3170,27803,9,No,Y,16,3,1,0,30,5,4,3,8,7,7
18,No,Travel_Rarely,147,Sales,25,1,Human Resources,1,206,4,Female,57,3,2,Human Resources,1,Married,8096,5458,8,No,Y,16,3,4,2,3,4,1,0,0,3,7
56,No,Travel_Rarely,694,Sales,27,4,Human Resources,1,207,4,Female,58,1,1,Healthcare Representative,1,Divorced,4807,12560,5,No,Y,22,3,3,0,4,4,1,0,7,9,11
27,No,Travel_Rarely,1280,Research & Development,24,4,Human Resources,1,208,2,Female,36,2,3,Manager,2,Divorced,4052,14170,1,Yes,Y,15,4,3,0,16,5,1,6,14,4,4
45,No,Travel_Frequently,713,Sales,4,2,Technical Degree,1,209,4,Female,91,2,3,Human Resources,3,Divorced,5345,17129,8,No,Y,17,3,3,0,32,4,2,18,6,0,11
33,Yes,Travel_Frequently,252,Sales,6,1,Medical,1,210,3,Male,60,1,2,Manager,1,Divorced,8369,4736,6,Yes,Y,14,3,1,0,5,6,3,19,2,3,10
27,No,Travel_Frequently,744,Human Resources,13,2,Marketing,1,211,4,Female,68,1,4,Laboratory Technician,2,Divorced,17809,29387,9,Yes,Y,20,3,2,1,7,6,1,0,3,4,4
56,No,Travel_Rarely,409,Human Resources,6,2,Human Resources,1,212,2,Male,58,2,2,Research Scientist,1,Married,4309,4149,0,No,Y,17,4,4,1,10,1,3,8,14,7,12
44,No,Travel_Frequently,934,Research & Development,13,3,Medical,1,213,2,Female,92,2,3,Healthcare Representative,2,Single,8619,14872,3,No,Y,15,4,1,1,7,1,4,3,5,8,8
18,No,Travel_Frequently,596,Sales,11,2,Medical,1,214,3,Male,34,2,4,Research Scientist,2,Single,10615,6435,9,Yes,Y,16,3,4,0,38,4,3,11,2,7,1
21,No,Travel_Frequently,231,Human Resources,8,2,Technical Degree,1,215,1,Female,40,3,4,Human Resources,1,Divorced,11418,14793,3,Yes,Y,10,4,2,2,17,5,2,19,12,2,1
33,Yes,Travel_Rarely,687,Human Resources,5,5,Human Resources,1,216,3,Male,57,4,1,Research Scientist,1,Single,17893,21048,7,Yes,Y,11,3,2,2,3,6,4,15,3,1,6
57,Yes,Non-Travel,557,Human Resources,3,4,Other,1,217,3,Female,77,1,2,Laboratory Technician,1,Married,7113,26221,7,Yes,Y,20,3,3,0,29,0,1,1,2,8,0
22,No,Travel_Frequently,386,Sales,4,1,Human Resources,1,218,1,Female,33,2,5,Manufacturing Director,4,Married,2150,2105,0,No,Y,21,4,1,2,23,5,1,4,11,4,5
36,No,Travel_Rarely,292,Research & Development,6,3,Other,1,219,3,Male,89,4,4,Manager,3,Married,6523,29355,2,Yes,Y,20,3,1,3,25,0,2,14,5,9,12
55,No,Travel_Rarely,254,Research & Development,21,3,Medical,1,220,2,Female,99,4,3,Sales Executive,1,Divorced,15681,17139,3,Yes,Y,19,3,2,1,39,6,1,18,12,6,2
38,No,Travel_Rarely,898,Sales,4,4,Technical Degree,1,221,2,Female,89,4,3,Manager,1,Divorced,2831,6467,7,Yes,Y,23,3,3,3,28,5,2,17,1,7,9
35,Yes,Travel_Rarely,843,Sales,17,2,Human Resources,1,222,2,Male,68,4,4,Laboratory Technician,1,Divorced,12478,25026,3,No,Y,21,4,4,3,38,0,3,2,1,6,6
29,Yes,Non-Travel,1033,Research & Development,24,2,Technical Degree,1,223,1,Female,66,1,4,Manager,4,Married,17431,14023,3,No,Y,17,3,2,2,34,4,4,18,7,8,1
35,Yes,Non-Travel,236,Research & Development,3,5,Life Sciences,1,224,2,Male,94,3,4,Research Scientist,3,Single,14866,6245,5,Yes,Y,13,3,3,3,29,0,2,5,7,4,3
21,No,Non-Travel,283,Human Resources,24,2,Marketing,1,225,1,Male,84,3,4,Laboratory Technician,3,Divorced,8506,26087,2,Yes,Y,10,4,3,2,31,2,1,6,7,2,3
35,No,Non-Travel,414,Sales,22,1,Other,1,226,1,Female,74,4,1,Manufacturing Director,3,Divorced,16923,6546,5,No,Y,11,3,3,1,27,4,3,4,8,0,9
39,Yes,Travel_Frequently,648,Human Resources,26,2,Technical Degree,1,227,1,Male,94,4,5,Laboratory Technician,2,Single,3430,17574,8,Yes,Y,15,3,2,0,37,2,2,3,7,9,6
25,No,Non-Travel,1246,Research & Development,26,4,Marketing,1,228,4,Female,73,3,4,Manufacturing Director,1,Married,8314,20958,5,Yes,Y,16,3,1,1,11,0,2,4,14,1,9
42,Yes,Travel_Rarely,1363,Research & Development,10,4,Other,1,229,4,Female,82,2,2,Research Scientist,1,Single,3768,27412,3,Yes,Y,15,3,4,2,15,5,4,3,10,5,4
36,No,Travel_Rarely,1351,Sales,16,5,Marketing,1,230,2,Female,99,3,1,Manufacturing Director,4,Divorced,7992,25089,0,No,Y,24,3,4,0,31,1,1,14,11,2,11
53,No,Non-Travel,516,Human Resources,3,5,Technical Degree,1,231,2,Male,89,3,4,Laboratory Technician,2,Married,9533,17165,3,No,Y,15,3,2,3,0,1,4,9,7,9,14
54,No,Travel_Rarely,1161,Sales,4,2,Life Sciences,1,232,3,Female,59,2,2,Healthcare Representative,4,Single,11503,20619,2,Yes,Y,14,3,4,2,28,0,2,2,13,0,2
51,No,Travel_Frequently,957,Research & Development,25,3,Medical,1,233,2,Male,93,2,1,Sales Executive,1,Single,3334,11340,1,Yes,Y,22,3,4,3,22,3,3,1,6,2,0
55,No,Travel_Frequently,1269,Human Resources,6,3,Other,1,234,2,Male,60,3,2,Healthcare Representative,2,Married,10561,17352,3,No,Y,20,3,2,1,27,0,3,8,5,6,2
58,Yes,Travel_Rarely,606,Human Resources,3,1,Marketing,1,235,3,Male,81,1,3,Laboratory Technician,3,Divorced,16527,14797,0,Yes,Y,22,3,2,1,17,4,2,2,10,0,4
43,No,Non-Travel,1147,Research & Development,23,5,Other,1,236,1,Female,84,4,4,Sales Executive,1,Divorced,8001,18520,2,Yes,Y,22,3,3,0,31,5,4,8,2,3,5
44,No,Travel_Frequently,526,Human Resources,11,4,Medical,1,237,3,Female,84,3,1,Manufacturing Director,1,Married,8236,2847,1,No,Y,21,3,2,0,37,2,3,11,12,7,3
49,No,Travel_Rarely,1218,Research & Development,13,2,Life Sciences,1,238,4,Female,35,4,5,Manufacturing Director,2,Single,10890,3710,3,No,Y,10,3,1,3,3,1,3,2,6,9,8
52,No,Non-Travel,916,Sales,17,3,Medical,1,239,1,Female,96,3,4,Research Scientist,4,Married,2929,5640,7,No,Y,20,3,1,1,1,6,2,1,7,4,10
44,No,Travel_Rarely,802,Sales,18,3,Human Resources,1,240,1,Male,31,4,4,Human Resources,1,Single,3423,20521,8,No,Y,21,4,3,3,30,2,2,1,4,4,9
51,No,Travel_Frequently,1386,Human Resources,10,4,Life Sciences,1,241,4,Female,88,3,2,Human Resources,3,Married,13709,16826,2,No,Y,15,3,3,0,5,1,2,12,1,6,14
37,No,Travel_Rarely,161,Sales,18,3,Other,1,242,1,Female,66,3,4,Laboratory Technician,3,Divorced,12921,13742,7,Yes,Y,11,3,3,0,11,4,1,10,10,8,4
56,No,Travel_Rarely,421,Research & Development,11,2,Technical Degree,1,243,3,Female,50,4,1,Manager,1,Single,14485,13608,3,No,Y,24,3,2,3,0,4,2,5,10,1,9
58,Yes,Travel_Frequently,1496,Human Resources,6,4,Medical,1,244,1,Male,89,2,4,Human Resources,4,Married,8869,14156,9,No,Y,15,3,3,2,2,6,4,7,5,9,4
40,No,Travel_Rarely,183,Research & Development,12,5,Life Sciences,1,245,3,Female,47,3,4,Human Resources,1,Married,5002,18384,8,No,Y,13,3,2,2,14,0,4,5,12,3,8
23,Yes,Non-Travel,180,Human Resources,12,1,Life Sciences,1,246,3,Male,99,2,3,Human Resources,3,Divorced,5938,25024,4,Yes,Y,17,3,1,3,25,3,1,9,4,9,6
22,No,Travel_Frequently,423,Human Resources,10,3,Medical,1,247,1,Male,94,3,5,Research Scientist,2,Married,7803,18964,7,Yes,Y,20,3,4,3,4,5,3,19,14,6,1
40,Yes,Travel_Rarely,969,Sales,28,1,Medical,1,248,3,Female,41,4,4,Human Resources,1,Single,12353,23017,6,Yes,Y,22,3,1,0,17,4,3,0,2,1,14
22,No,Non-Travel,819,Sales,1,3,Medical,1,249,3,Female,95,3,2,Manager,4,Single,2122,22430,9,No,Y,12,3,2,3,34,4,4,17,10,6,3
59,Yes,Travel_Rarely,1010,Research & Development,20,2,Life Sciences,1,250,1,Male,66,1,1,Laboratory Technician,2,Divorced,7031,29138,7,No,Y,16,3,2,3,32,2,3,17,11,6,3
32,No,Travel_Frequently,1443,Sales,13,2,Medical,1,251,2,Male,36,2,2,Research Scientist,2,Married,17389,15823,0,No,Y,22,3,3,1,17,3,3,17,14,6,14
46,No,Travel_Frequently,567,Research & Development,22,4,Human Resources,1,252,3,Female,93,3,1,Sales Executive,1,Single,9760,25740,9,Yes,Y,18,3,4,3,5,5,1,5,8,1,11
51,Yes,Travel_Rarely,1423,Human Resources,13,4,Technical Degree,1,253,3,Female,41,2,4,Human Resources,4,Single,10243,6883,5,No,Y,23,3,1,1,26,6,1,5,6,1,7
59,No,Travel_Frequently,1138,Research & Development,11,3,Other,1,254,1,Female,33,4,4,Sales Executive,2,Married,8518,19788,9,Yes,Y,24,3,4,3,37,6,4,14,11,5,2
40,No,Travel_Frequently,673,Sales,10,2,Medical,1,255,1,Female,35,2,5,Research Scientist,1,Married,8525,22458,0,Yes,Y,10,3,1,1,13,0,1,8,12,0,8
46,No,Non-Travel,1163,Human Resources,19,5,Other,1,256,2,Female,42,1,2,Manager,1,Divorced,2310,10165,2,No,Y,20,3,4,3,4,2,1,17,12,4,6
22,Yes,Travel_Frequently,924,Research & Development,26,5,Other,1,257,4,Female,99,3,5,Laboratory Technician,3,Divorced,6059,23654,9,Yes,Y,18,3,2,0,37,2,3,14,2,8,3
45,No,Non-Travel,749,Sales,16,1,Human Resources,1,258,4,Male,51,3,2,Healthcare Representative,2,Married,15946,3615,9,Yes,Y,19,3,4,1,36,5,1,7,3,7,11
51,No,Travel_Frequently,216,Research & Development,12,2,Marketing,1,259,1,Male,49,3,3,Sales Executive,3,Divorced,3564,12249,5,No,Y,11,3,1,0,3,6,3,12,11,7,2
52,No,Travel_Frequently,655,Research & Development,5,1,Other,1,260,1,Female,31,1,4,Manufacturing Director,3,Divorced,8359,20148,3,No,Y,24,4,2,2,23,3,4,2,8,6,10
50,No,Non-Travel,414,Sales,1,2,Other,1,261,3,Female,37,1,2,Manufacturing Director,4,Divorced,6336,25136,1,Yes,Y,13,3,2,2,36,5,3,5,12,1,5
39,Yes,Travel_Rarely,343,Sales,7,1,Technical Degree,1,262,3,Male,58,4,1,Research Scientist,3,Single,4779,15433,9,No,Y,11,3,2,3,19,0,1,18,12,2,6
33,No,Travel_Rarely,587,Research & Development,23,2,Life Sciences,1,263,4,Male,75,2,5,Sales Executive,2,Single,3548,6929,7,No,Y,21,3,2,3,19,1,3,4,2,0,5
45,No,Travel_Frequently,604,Research & Development,13,5,Other,1,264,2,Male,92,3,5,Human Resources,1,Married,5127,16326,6,Yes,Y,17,4,2,0,38,1,4,7,3,8,14
21,No,Travel_Frequently,955,Human Resources,3,2,Technical Degree,1,265,3,Female,68,1,4,Laboratory Technician,3,Married,7319,19624,5,Yes,Y,22,3,2,0,33,2,1,8,8,8,10
42,No,Travel_Rarely,1426,Human Resources,7,1,Medical,1,266,4,Male,82,3,2,Sales Executive,3,Married,6456,22176,8,Yes,Y,21,3,3,3,24,4,2,8,13,4,14
51,No,Non-Travel,566,Human Resources,29,2,Other,1,267,1,Female,73,2,1,Manufacturing Director,4,Married,5390,25372,5,No,Y,14,3,1,1,28,0,3,16,7,7,0
18,No,Travel_Frequently,566,Research & Development,23,2,Other,1,268,2,Male,84,2,2,Manager,1,Married,6982,16267,7,No,Y,23,4,1,3,20,0,3,18,8,7,1
54,No,Travel_Frequently,881,Human Resources,24,4,Medical,1,269,1,Female,57,1,3,Manager,1,Married,16104,15988,8,Yes,Y,21,3,4,0,12,5,1,7,7,5,7
35,No,Non-Travel,1306,Sales,15,2,Life Sciences,1,270,4,Male,86,3,3,Research Scientist,1,Married,8291,27349,8,Yes,Y,13,3,1,0,39,1,3,8,9,8,1
43,No,Non-Travel,129,Sales,4,1,Marketing,1,271,4,Male,49,3,2,Manager,3,Divorced,2507,7590,4,Yes,Y,17,3,4,1,25,1,2,10,13,4,1
45,Yes,Travel_Frequently,1083,Sales,10,2,Technical Degree,1,272,4,Male,44,3,5,Sales Executive,2,Single,19693,14388,9,No,Y,22,3,4,3,1,6,4,15,7,2,3
51,Yes,Travel_Frequently,779,Research & Development,5,1,Human Resources,1,273,3,Female,44,2,1,Human Resources,3,Divorced,3701,18728,4,Yes,Y,17,3,2,3,21,1,4,13,5,7,9
57,Yes,Travel_Frequently,1434,Research & Development,15,2,Medical,1,274,4,Female,99,3,4,Healthcare Representative,1,Divorced,2928,12201,0,No,Y,21,3,1,3,34,2,1,7,14,2,14
44,No,Travel_Frequently,1087,Sales,12,3,Medical,1,275,4,Female,61,1,2,Manager,4,Married,14548,16683,1,Yes,Y,23,3,1,1,3,5,1,5,6,9,9
29,No,Non-Travel,1073,Human Resources,16,2,Medical,1,276,3,Male,39,4,5,Human Resources,4,Married,18701,10779,2,Yes,Y,21,3,1,1,20,6,4,12,5,6,7
58,No,Travel_Frequently,488,Human Resources,6,4,Life Sciences,1,277,2,Male,56,4,1,Manager,2,Single,19415,20191,8,Yes,Y,15,3,4,0,23,4,2,14,7,4,13
44,No,Travel_Rarely,1194,Sales,23,5,Marketing,1,278,1,Male,42,3,1,Research Scientist,1,Divorced,17315,18174,9,Yes,Y,11,3,2,0,32,2,2,1,11,0,5
25,No,Non-Travel,1339,Sales,4,2,Human Resources,1,279,1,Female,66,1,2,Healthcare Representative,1,Divorced,10529,26366,1,Yes,Y,14,3,4,0,0,5,4,11,5,3,4
56,No,Non-Travel,385,Sales,29,1,Life Sciences,1,280,2,Female,85,2,1,Healthcare Representative,4,Married,7893,17493,0,No,Y,21,3,1,2,0,6,3,16,14,6,3
41,No,Travel_Rarely,573,Human Resources,4,4,Human Resources,1,281,3,Female,78,4,3,Laboratory Technician,2,Divorced,18513,10481,7,Yes,Y,19,3,4,3,25,2,4,13,11,6,13
39,Yes,Travel_Frequently,1484,Sales,5,4,Human Resources,1,282,3,Male,35,3,5,Sales Executive,3,Single,4756,7555,6,Yes,Y,11,3,1,1,23,1,2,16,5,9,6
31,No,Travel_Rarely,801,Human Resources,16,1,Life Sciences,1,283,1,Male,70,4,2,Research Scientist,2,Divorced,5873,16459,9,No,Y,19,3,4,0,15,5,3,18,4,9,8
46,No,Non-Travel,1101,Sales,3,2,Technical Degree,1,284,2,Female,30,3,4,Manager,2,Single,19220,13034,4,No,Y,19,4,4,1,30,3,3,8,10,6,3
29,No,Non-Travel,252,Sales,16,2,Medical,1,285,4,Female,65,1,4,Healthcare Representative,2,Married,8773,20256,6,No,Y,21,4,2,3,31,5,4,16,1,3,6
57,Yes,Travel_Frequently,1454,Human Resources,24,4,Technical Degree,1,286,2,Female,96,2,5,Research Scientist,2,Married,17000,13927,0,Yes,Y,17,3,4,2,34,6,2,17,7,1,13
27,No,Travel_Frequently,1026,Human Resources,14,5,Human Resources,1,287,1,Female,69,1,3,Healthcare Representative,4,Single,18358,24551,2,Yes,Y,23,3,2,1,20,2,1,19,2,0,14
29,No,Travel_Frequently,1091,Sales,21,1,Medical,1,288,4,Male,31,2,3,Laboratory Technician,1,Single,7686,4113,5,Yes,Y,19,3,3,0,7,0,4,11,1,8,10
55,No,Non-Travel,1016,Human Resources,4,1,Medical,1,289,3,Male,83,4,1,Manager,3,Divorced,15693,19334,2,No,Y,19,3,4,1,31,3,4,14,14,5,5
29,No,Travel_Rarely,661,Human Resources,20,3,Technical Degree,1,290,4,Female,66,3,5,Manager,3,Single,15314,13436,5,Yes,Y,10,4,3,3,34,0,1,14,10,7,8
34,No,Travel_Rarely,1056,Sales,8,5,Other,1,291,2,Male,31,1,2,Sales Executive,4,Married,18147,24131,6,No,Y,11,3,3,2,26,4,2,17,5,7,2
18,No,Travel_Rarely,975,Sales,6,2,Marketing,1,292,1,Female,31,1,5,Sales Executive,3,Married,9061,21030,1,No,Y,19,3,1,0,17,3,3,11,11,1,0
27,No,Non-Travel,662,Research & Development,29,1,Medical,1,293,3,Female,75,3,5,Human Resources,3,Single,15188,3496,2,No,Y,11,3,4,2,10,1,3,6,11,4,11
43,No,Travel_Rarely,1463,Human Resources,22,3,Other,1,294,4,Female,30,4,2,Healthcare Representative,1,Divorced,6356,28093,1,No,Y,22,3,2,2,37,1,1,1,9,0,1
35,Yes,Travel_Rarely,1245,Human Resources,2,5,Other,1,295,1,Female,67,1,4,Sales Executive,2,Divorced,17178,7189,4,Yes,Y,17,3,4,3,29,5,2,4,14,4,9
34,No,Travel_Frequently,1118,Research & Development,17,5,Life Sciences,1,296,2,Male,40,3,1,Healthcare Representative,2,Single,5531,23571,6,No,Y,10,3,1,3,36,2,1,8,5,7,11
18,Yes,Travel_Rarely,1290,Research & Development,4,1,Marketing,1,297,3,Female,94,1,3,Manufacturing Director,2,Married,13682,24832,4,Yes,Y,15,3,3,0,8,0,3,16,9,1,1
36,No,Non-Travel,939,Research & Development,4,5,Medical,1,298,2,Female,40,1,3,Research Scientist,4,Divorced,2595,29213,1,Yes,Y,14,3,1,2,11,2,2,5,7,8,0
33,No,Travel_Rarely,288,Sales,6,3,Medical,1,299,2,Female,72,4,3,Human Resources,2,Divorced,9458,21046,2,Yes,Y,22,3,3,2,39,4,1,16,3,8,5
23,No,Travel_Rarely,482,Human Resources,29,3,Life Sciences,1,300,4,Male,46,3,1,Healthcare Representative,3,Divorced,9763,23464,7,No,Y,11,3,4,2,7,1,2,18,9,6,0
33,Yes,Travel_Rarely,203,Research & Development,17,3,Life Sciences,1,301,4,Female,89,3,1,Human Resources,4,Divorced,7018,4828,4,Yes,Y,17,3,1,1,7,1,4,11,3,2,5
43,No,Non-Travel,1154,Research & Development,27,1,Technical Degree,1,302,2,Female,54,3,3,Manager,4,Married,3034,19634,2,Yes,Y,24,3,1,1,33,3,1,6,4,2,7
53,Yes,Non-Travel,1102,Research & Development,10,4,Other,1,303,4,Male,76,2,4,Human Resources,3,Married,2518,24956,7,Yes,Y,16,3,1,1,29,1,3,8,14,8,6
30,No,Travel_Frequently,1120,Sales,1,5,Other,1,304,3,Male,95,1,5,Human Resources,1,Divorced,9034,16026,6,Yes,Y,20,3,1,0,18,4,3,4,2,0,12
36,No,Non-Travel,456,Sales,11,1,Technical Degree,1,305,3,Male,32,1,3,Human Resources,4,Married,7395,8594,2,Yes,Y,21,3,1,2,9,4,4,11,1,7,8
42,Yes,Travel_Rarely,700,Sales,3,2,Human Resources,1,306,2,Male,90,1,4,Laboratory Technician,2,Divorced,19457,19291,2,No,Y,23,4,3,2,3,6,4,10,9,5,13
27,No,Travel_Rarely,112,Research & Development,9,1,Human Resources,1,307,1,Male,42,3,1,Human Resources,2,Divorced,6226,27412,1,Yes,Y,10,3,2,3,36,1,4,11,3,0,4
44,No,Travel_Frequently,1423,Sales,12,2,Human Resources,1,308,2,Male,37,2,4,Manager,1,Single,3432,8874,6,Yes,Y,18,3,4,2,36,0,1,12,4,2,1
36,No,Travel_Frequently,979,Human Resources,21,2,Human Resources,1,309,4,Male,97,2,3,Research Scientist,3,Single,15323,24976,1,Yes,Y,20,3,4,3,2,3,2,10,2,2,1
30,No,Travel_Frequently,1490,Human Resources,18,5,Life Sciences,1,310,3,Male,65,4,5,Laboratory Technician,2,Single,8415,18916,2,No,Y,13,3,4,1,2,1,2,6,7,2,7
28,Yes,Non-Travel,849,Research & Development,24,5,Life Sciences,1,311,4,Female,99,2,3,Sales Executive,3,Single,17919,14939,3,No,Y,19,3,2,3,9,4,3,1,10,2,14
55,No,Travel_Rarely,322,Research & Development,27,5,Medical,1,312,3,Female,94,4,3,Manufacturing Director,2,Single,17753,17602,2,No,Y,19,4,2,0,8,4,4,14,3,7,5
37,No,Non-Travel,1474,Human Resources,14,5,Other,1,313,2,Male,98,4,5,Manager,2,Divorced,19210,27519,2,Yes,Y,20,3,2,0,24,2,3,0,12,7,10
35,No,Travel_Frequently,342,Human Resources,4,2,Medical,1,314,3,Female,32,1,5,Research Scientist,2,Single,3892,5200,4,Yes,Y,10,3,4,3,10,4,1,3,10,2,8
45,No,Non-Travel,1307,Sales,28,2,Technical Degree,1,315,4,Female,68,2,5,Manager,4,Divorced,5305,18590,9,Yes,Y,12,3,2,3,0,5,4,16,10,2,13
43,Yes,Non-Travel,764,Human Resources,23,4,Medical,1,316,1,Female,31,4,1,Manufacturing Director,1,Divorced,13144,19999,9,No,Y,13,3,1,2,22,1,1,11,8,4,4
31,No,Travel_Frequently,151,Sales,12,1,Marketing,1,317,1,Female,73,2,3,Manager,4,Married,10690,5116,3,Yes,Y,11,3,4,0,4,5,2,17,10,8,4
26,Yes,Travel_Rarely,514,Human Resources,11,5,Medical,1,318,3,Female,48,3,3,Laboratory Technician,2,Divorced,14120,22396,6,Yes,Y,22,3,3,0,33,1,4,11,7,3,4
30,No,Non-Travel,547,Human Resources,13,2,Marketing,1,319,2,Male,93,4,5,Healthcare Representative,1,Single,19702,11513,7,Yes,Y,22,3,2,1,19,5,3,10,6,7,1
48,No,Travel_Rarely,1299,Human Resources,2,5,Marketing,1,320,2,Female,54,3,1,Healthcare Representative,4,Single,5935,24545,3,Yes,Y,16,3,1,0,26,5,2,14,5,8,9
50,No,Travel_Frequently,1136,Sales,20,4,Medical,1,321,3,Female,91,4,4,Healthcare Representative,1,Divorced,2324,13564,3,Yes,Y,18,4,1,0,39,4,4,14,14,0,8
20,Yes,Travel_Rarely,749,Research & Development,14,3,Other,1,322,1,Male,43,4,4,Manager,4,Divorced,19636,20199,0,Yes,Y,18,3,3,0,4,4,4,19,3,9,10
54,No,Travel_Rarely,1120,Sales,12,1,Life Sciences,1,323,3,Male,60,1,5,Manager,1,Divorced,16539,19951,6,Yes,Y,10,3,2,1,30,0,1,18,8,2,0
42,No,Non-Travel,567,Sales,3,5,Human Resources,1,324,4,Female,88,1,5,Sales Executive,4,Divorced,17508,10473,1,Yes,Y,19,3,3,1,0,2,3,15,13,2,12
48,No,Travel_Frequently,1436,Research & Development,14,4,Life Sciences,1,325,1,Male,49,1,1,Research Scientist,3,Divorced,13918,25641,0,No,Y,10,3,4,2,28,5,3,18,10,6,12
35,No,Travel_Frequently,993,Research & Development,7,3,Marketing,1,326,4,Male,40,4,3,Research Scientist,4,Single,11930,21054,3,Yes,Y,16,3,1,1,32,2,1,10,12,5,14
28,No,Travel_Rarely,527,Sales,27,1,Human Resources,1,327,1,Male,70,2,2,Research Scientist,2,Single,5907,29174,1,No,Y,18,3,1,1,39,4,3,1,13,4,14
50,Yes,Travel_Frequently,192,Sales,7,2,Other,1,328,3,Female,65,3,5,Human Resources,1,Single,15558,27714,9,Yes,Y,11,3,1,0,20,3,1,8,2,2,14
53,No,Travel_Frequently,1124,Human Resources,6,5,Marketing,1,329,4,Male,50,1,4,Human Resources,1,Single,8010,14262,5,No,Y,18,3,4,1,20,0,1,13,14,1,7
41,No,Travel_Frequently,1497,Human Resources,12,2,Medical,1,330,3,Female,67,3,5,Human Resources,4,Divorced,13984,19566,2,Yes,Y,15,3,3,2,8,6,4,11,5,1,7
49,Yes,Non-Travel,810,Human Resources,28,2,Medical,1,331,2,Female,33,1,2,Sales Executive,3,Married,15983,14446,6,Yes,Y,24,3,1,0,19,3,1,18,4,8,13
59,No,Travel_Frequently,297,Sales,6,5,Medical,1,332,1,Male,89,1,1,Healthcare Representative,2,Single,9432,9799,2,Yes,Y,13,4,2,3,3,3,3,0,0,4,5
22,No,Travel_Frequently,1220,Human Resources,7,5,Human Resources,1,333,4,Female,92,1,2,Human Resources,3,Divorced,12384,7278,9,Yes,Y,15,3,2,2,24,4,1,8,8,3,3
40,No,Travel_Rarely,132,Research & Development,26,2,Other,1,334,1,Female,74,3,4,Sales Executive,3,Married,10215,10181,5,Yes,Y,10,4,4,2,11,1,2,13,7,6,6
59,No,Travel_Rarely,529,Human Resources,10,4,Marketing,1,335,3,Male,80,4,5,Human Resources,2,Divorced,17306,17005,1,No,Y,24,3,1,3,17,0,2,10,4,2,4
51,Yes,Travel_Rarely,1255,Human Resources,21,5,Life Sciences,1,336,3,Female,31,2,4,Laboratory Technician,1,Married,7934,25686,1,Yes,Y,17,3,3,0,38,0,2,17,7,1,13
46,No,Travel_Rarely,1427,Human Resources,16,5,Marketing,1,337,3,Male,45,1,5,Human Resources,3,Single,16755,22161,8,No,Y,14,3,1,1,6,1,4,5,2,2,4
34,No,Travel_Frequently,1181,Sales,4,2,Other,1,338,1,Female,91,1,1,Manufacturing Director,4,Divorced,8503,18240,7,No,Y,19,3,1,2,6,3,3,18,1,0,2
24,No,Travel_Frequently,1482,Sales,24,2,Human Resources,1,339,3,Male,84,2,1,Human Resources,3,Single,17084,24875,6,No,Y,21,3,4,3,36,6,4,14,8,1,2
40,No,Non-Travel,351,Sales,9,4,Marketing,1,340,4,Female,31,3,4,Sales Executive,1,Married,10153,10715,6,No,Y,11,3,2,2,20,4,4,11,10,2,1
40,No,Non-Travel,1252,Sales,12,1,Life Sciences,1,341,4,Female,71,2,2,Healthcare Representative,4,Single,2572,7901,5,Yes,Y,15,4,1,0,11,5,4,12,7,6,1
53,No,Non-Travel,243,Research & Development,7,5,Life Sciences,1,342,2,Male,92,2,1,Manager,1,Married,9508,21988,8,No,Y,13,3,1,1,0,3,4,4,13,1,4
48,No,Non-Travel,964,Research & Development,17,3,Marketing,1,343,4,Female,48,2,4,Manufacturing Director,4,Married,6605,15160,8,Yes,Y,23,3,4,0,29,3,1,6,13,4,10
28,No,Travel_Rarely,1063,Human Resources,2,2,Life Sciences,1,344,3,Male,86,3,3,Sales Executive,4,Single,19947,22361,8,No,Y,23,4,4,2,39,4,4,2,2,3,2
22,No,Travel_Frequently,295,Sales,12,3,Life Sciences,1,345,1,Male,94,4,4,Manager,4,Single,13579,17964,6,No,Y,11,3,3,1,8,1,4,4,5,2,6
27,No,Non-Travel,1313,Research & Development,15,5,Human Resources,1,346,4,Male,87,1,3,Healthcare Representative,4,Single,14003,12178,3,Yes,Y,17,3,1,1,39,3,3,1,0,8,14
32,No,Travel_Rarely,571,Research & Development,14,2,Medical,1,347,3,Male,95,2,3,Sales Executive,2,Married,4460,2699,3,Yes,Y,22,3,3,0,1,2,2,6,13,6,6
31,Yes,Travel_Rarely,759,Sales,22,2,Marketing,1,348,2,Female,79,2,1,Healthcare Representative,2,Divorced,14585,18328,3,No,Y,23,4,1,0,2,2,2,11,10,5,7
28,No,Travel_Rarely,1287,Research & Development,15,3,Technical Degree,1,349,1,Male,98,3,5,Manager,2,Single,17735,12313,8,Yes,Y,24,3,1,0,10,2,2,4,6,6,5
28,No,Travel_Rarely,648,Sales,22,5,Marketing,1,350,1,Female,83,4,5,Healthcare Representative,3,Divorced,16101,15704,6,No,Y,17,3,4,0,1,2,1,9,9,1,4
41,No,Non-Travel,1356,Human Resources,25,5,Life Sciences,1,351,4,Female,32,3,4,Human Resources,2,Married,16530,19058,2,No,Y,15,3,3,2,13,4,4,3,5,9,8
39,No,Travel_Rarely,614,Research & Development,28,2,Human Resources,1,352,1,Female,39,2,2,Healthcare Representative,1,Divorced,9405,2179,8,No,Y,15,3,1,0,23,6,2,18,2,9,12
25,No,Travel_Rarely,465,Human Resources,21,5,Technical Degree,1,353,1,Male,30,2,2,Manufacturing Director,3,Married,8646,15847,4,No,Y,18,3,1,1,29,1,2,14,6,9,5
37,No,Travel_Rarely,1227,Sales,12,4,Technical Degree,1,354,4,Female,59,3,1,Research Scientist,3,Divorced,2796,12370,7,No,Y,18,3,2,1,8,4,2,3,5,3,1
42,No,Non-Travel,1288,Sales,12,5,Human Resources,1,355,1,Female,93,3,4,Research Scientist,3,Married,11734,8901,9,Yes,Y,14,3,3,2,1,4,3,10,8,0,2
54,No,Non-Travel,387,Research & Development,29,3,Life Sciences,1,356,4,Male,34,3,5,Manufacturing Director,2,Married,15877,28381,7,No,Y,12,3,2,1,7,6,2,0,12,6,7
44,No,Travel_Rarely,200,Sales,13,3,Technical Degree,1,357,4,Female,82,3,1,Sales Executive,1,Married,2435,19489,0,Yes,Y,23,3,4,3,6,5,3,17,3,1,2
42,No,Travel_Rarely,226,Human Resources,24,3,Other,1,358,3,Male,60,3,1,Sales Executive,1,Married,10309,25134,6,No,Y,24,3,1,0,29,0,3,8,0,0,6
51,No,Travel_Rarely,556,Sales,5,1,Marketing,1,359,1,Female,99,4,1,Sales Executive,4,Single,15055,8684,8,Yes,Y,18,4,4,2,24,4,1,19,5,9,7
41,No,Travel_Rarely,144,Sales,7,1,Technical Degree,1,360,2,Male,80,2,5,Healthcare Representative,3,Married,8417,15583,5,Yes,Y,14,3,4,3,31,4,4,18,11,0,3
36,No,Travel_Frequently,1399,Research & Development,21,5,Technical Degree,1,361,1,Female,98,1,3,Laboratory Technician,2,Divorced,7897,28320,7,Yes,Y,12,3,4,0,28,1,4,9,14,4,13
37,No,Travel_Rarely,1069,Human Resources,29,2,Medical,1,362,4,Male,32,4,2,Laboratory Technician,1,Single,8615,19297,4,No,Y,10,3,1,1,20,2,3,8,11,5,1
40,Yes,Travel_Rarely,1126,Sales,10,4,Marketing,1,363,4,Male,31,3,5,Manufacturing Director,2,Divorced,16953,16157,1,Yes,Y,24,3,2,1,27,3,1,13,2,0,8
27,No,Travel_Frequently,1413,Research & Development,26,2,Life Sciences,1,364,1,Female,35,4,1,Healthcare Representative,2,Divorced,7462,28270,9,No,Y,23,3,4,1,18,1,1,0,11,7,13
48,No,Non-Travel,1471,Sales,14,3,Life Sciences,1,365,2,Male,60,2,2,Manufacturing Director,2,Married,18261,4343,7,Yes,Y,14,4,3,1,36,6,1,14,4,2,7
41,No,Travel_Frequently,1405,Sales,22,1,Life Sciences,1,366,4,Male,65,2,2,Manager,1,Single,8151,27219,1,No,Y,19,3,3,0,30,2,3,14,10,2,3
43,No,Travel_Rarely,1447,Sales,29,2,Marketing,1,367,3,Male,69,3,3,Laboratory Technician,4,Divorced,10984,9706,6,Yes,Y,20,4,4,3,28,5,2,17,0,7,12
21,No,Non-Travel,1292,Sales,27,1,Marketing,1,368,3,Male,51,2,1,Manufacturing Director,4,Single,2217,7136,2,Yes,Y,13,3,2,0,17,4,2,10,11,4,6
32,No,Travel_Rarely,428,Sales,22,3,Human Resources,1,369,3,Female,69,4,1,Human Resources,4,Single,6484,22074,8,No,Y,11,4,3,2,15,2,3,7,9,6,13
22,No,Travel_Frequently,544,Sales,15,4,Technical Degree,1,370,1,Female,84,3,3,Research Scientist,2,Single,12905,17050,6,No,Y,11,3,2,3,13,2,2,2,9,9,8
56,Yes,Non-Travel,123,Human Resources,27,5,Human Resources,1,371,4,Female,57,3,4,Healthcare Representative,1,Married,9217,29942,1,No,Y,16,4,2,0,2,2,1,15,8,0,0
38,No,Travel_Frequently,651,Research & Development,29,4,Marketing,1,372,2,Female,69,3,3,Manager,1,Single,17490,9133,5,No,Y,10,3,2,3,30,3,3,16,9,6,8
56,No,Non-Travel,703,Sales,6,2,Medical,1,373,1,Male,92,1,1,Manufacturing Director,1,Divorced,17449,5906,7,No,Y,23,3,2,2,28,6,1,9,2,0,12
19,Yes,Non-Travel,833,Research & Development,13,5,Other,1,374,3,Male,94,3,2,Manager,3,Single,14554,27566,9,No,Y,13,3,1,1,26,5,1,15,7,8,8
46,No,Non-Travel,502,Research & Development,9,1,Marketing,1,375,2,Male,45,4,5,Manufacturing Director,4,Married,5636,13154,9,No,Y,19,3,4,0,33,3,2,8,11,3,3
32,No,Travel_Frequently,1188,Sales,26,5,Life Sciences,1,376,2,Male,42,4,4,Healthcare Representative,4,Single,18744,18235,5,Yes,Y,19,3,1,1,14,5,2,9,11,0,12
38,No,Travel_Frequently,1059,Human Resources,29,3,Marketing,1,377,1,Female,73,1,5,Sales Executive,3,Married,10397,25498,8,No,Y,19,3,1,3,13,0,3,13,5,9,7
50,No,Travel_Frequently,528,Research & Development,7,2,Human Resources,1,378,4,Male,66,2,3,Healthcare Representative,4,Single,16982,16705,2,Yes,Y,20,3,3,2,11,0,2,1,13,8,1
21,Yes,Travel_Frequently,1199,Sales,23,2,Other,1,379,4,Male,85,3,1,Manufacturing Director,4,Married,8156,24284,1,Yes,Y,10,3,1,1,30,0,4,17,0,6,13
48,No,Travel_Frequently,423,Sales,28,5,Other,1,380,4,Male,93,3,1,Human Resources,3,Single,13390,11572,9,No,Y,10,3,2,0,19,0,2,12,12,1,1
24,No,Travel_Frequently,227,Research & Development,7,4,Life Sciences,1,381,2,Male,90,1,3,Healthcare Representative,3,Single,15046,7685,9,No,Y,22,4,4,1,19,1,3,3,10,7,9
39,No,Travel_Frequently,632,Research & Development,20,2,Marketing,1,382,2,Male,85,3,5,Healthcare Representative,4,Divorced,5985,22824,9,No,Y,14,3,3,3,28,5,2,12,3,8,4
42,No,Travel_Rarely,497,Sales,11,4,Human Resources,1,383,2,Female,81,4,3,Research Scientist,1,Married,15714,7023,4,Yes,Y,14,3,2,3,11,3,4,1,12,6,3
36,Yes,Travel_Rarely,195,Sales,11,3,Human Resources,1,384,3,Female,77,2,5,Healthcare Representative,1,Single,15056,9867,3,Yes,Y,15,3,2,1,35,5,3,16,12,6,1
25,No,Non-Travel,1073,Research & Development,14,5,Technical Degree,1,385,3,Male,77,1,1,Sales Executive,2,Married,11295,6278,0,No,Y,19,4,2,1,10,6,2,8,5,6,6
32,No,Travel_Frequently,1035,Human Resources,15,4,Other,1,386,3,Male,91,3,4,Research Scientist,4,Single,6287,19996,9,No,Y,19,3,2,3,35,4,2,3,0,5,13
40,No,Non-Travel,593,Human Resources,29,3,Technical Degree,1,387,4,Male,65,4,1,Research Scientist,1,Single,4877,25591,6,No,Y,19,3,2,2,9,5,3,19,11,8,3
28,No,Non-Travel,193,Research & Development,10,3,Human Resources,1,388,3,Male,85,4,3,Manufacturing Director,3,Single,13219,25869,4,Yes,Y,11,3,2,3,8,3,4,0,12,0,11
39,No,Travel_Frequently,826,Human Resources,29,1,Medical,1,389,1,Male,97,2,2,Manufacturing Director,2,Married,17012,3702,3,No,Y,20,3,2,3,14,0,4,16,12,0,8
54,No,Travel_Rarely,358,Sales,2,1,Technical Degree,1,390,1,Female,53,2,5,Research Scientist,3,Married,13835,14199,5,No,Y,16,3,1,2,13,3,3,12,12,1,2
34,No,Non-Travel,1256,Human Resources,21,5,Other,1,391,4,Male,76,1,4,Human Resources,2,Married,9854,6881,3,Yes,Y,15,3,3,0,19,4,1,15,10,1,0
32,No,Travel_Frequently,876,Sales,6,3,Marketing,1,392,4,Female,55,1,5,Laboratory Technician,2,Divorced,7599,27248,8,No,Y,10,3,2,3,37,6,1,15,2,0,0
35,No,Non-Travel,997,Sales,18,3,Life Sciences,1,393,4,Female,76,4,2,Manufacturing Director,1,Divorced,6011,28513,3,Yes,Y,11,3,1,0,16,0,4,2,8,2,6
50,No,Travel_Rarely,466,Research & Development,1,5,Human Resources,1,394,2,Female,46,1,2,Human Resources,3,Single,13015,9525,2,Yes,Y,24,3,4,1,21,1,3,12,0,7,11
21,No,Travel_Frequently,632,Human Resources,9,5,Medical,1,395,1,Female,49,2,1,Manufacturing Director,4,Single,17498,24847,7,Yes,Y,19,4,3,2,37,3,2,18,12,3,10
49,No,Travel_Rarely,100,Sales,3,4,Life Sciences,1,396,4,Female,65,3,5,Healthcare Representative,4,Single,9028,11064,5,Yes,Y,11,3,4,0,13,4,3,8,12,9,8
42,Yes,Travel_Rarely,1195,Human Resources,15,4,Human Resources,1,397,4,Female,97,1,3,Manufacturing Director,3,Divorced,16621,10492,4,Yes,Y,23,3,4,1,12,0,4,6,8,6,0
53,No,Travel_Rarely,1317,Sales,20,4,Medical,1,398,2,Female,75,2,3,Healthcare Representative,4,Divorced,9088,10247,6,No,Y,19,3,1,2,35,3,3,7,2,7,10
40,No,Non-Travel,190,Human Resources,27,3,Medical,1,399,2,Female,65,1,4,Laboratory Technician,2,Married,13149,29934,4,No,Y,12,3,4,1,33,0,3,1,4,2,2
21,No,Non-Travel,437,Sales,23,5,Medical,1,400,1,Female,94,3,4,Sales Executive,1,Single,12316,21622,7,Yes,Y,23,3,1,0,33,1,3,12,13,5,0
47,No,Non-Travel,664,Sales,13,5,Human Resources,1,401,2,Female,81,4,5,Human Resources,3,Divorced,18963,9127,3,Yes,Y,11,4,1,1,30,0,3,18,6,4,6
21,No,Non-Travel,1346,Human Resources,18,3,Technical Degree,1,402,1,Male,54,4,4,Manager,2,Single,6932,8165,7,No,Y,10,3,3,3,2,6,4,12,7,8,12
55,No,Travel_Rarely,1250,Research & Development,22,3,Marketing,1,403,4,Male,75,3,5,Manufacturing Director,2,Single,15762,19841,2,Yes,Y,24,3,1,0,0,3,4,8,7,5,12
50,No,Non-Travel,451,Research & Development,2,1,Human Resources,1,404,3,Male,34,1,2,Research Scientist,3,Married,16992,7897,6,No,Y,14,3,1,2,24,2,2,3,1,7,1
39,No,Non-Travel,1127,Sales,2,2,Medical,1,405,2,Male,41,3,3,Manufacturing Director,1,Divorced,3660,5863,3,No,Y,18,3,2,1,23,2,3,10,12,3,8
49,Yes,Travel_Frequently,880,Sales,21,5,Other,1,406,1,Male,65,4,5,Healthcare Representative,2,Divorced,11667,19165,2,No,Y,24,3,3,0,6,0,3,3,9,0,0
20,No,Non-Travel,258,Research & Development,6,3,Medical,1,407,1,Male,60,4,1,Sales Executive,1,Divorced,15443,21477,3,No,Y,12,3,3,1,9,2,2,6,2,9,8
57,No,Travel_Frequently,263,Sales,23,4,Life Sciences,1,408,3,Female,49,2,2,Healthcare Representative,4,Single,11948,11536,6,Yes,Y,19,3,1,0,35,0,4,10,4,0,11
38,No,Non-Travel,1001,Human Resources,25,5,Life Sciences,1,409,3,Male,82,1,4,Healthcare Representative,2,Divorced,19375,19479,9,No,Y,18,3,2,3,33,6,2,11,4,5,11
52,No,Travel_Frequently,331,Human Resources,1,5,Life Sciences,1,410,1,Male,83,2,5,Human Resources,4,Married,6998,18575,2,No,Y,10,3,3,3,23,5,4,7,1,3,7
37,No,Travel_Frequently,912,Sales,24,2,Other,1,411,1,Male,82,2,3,Sales Executive,1,Single,7198,27306,2,No,Y,10,3,4,0,4,6,2,10,0,1,11
25,No,Non-Travel,1167,Research & Development,16,5,Technical Degree,1,412,1,Female,67,2,5,Healthcare Representative,2,Married,9308,27357,5,Yes,Y,14,3,1,2,21,1,2,15,8,7,7
26,No,Travel_Frequently,128,Research & Development,27,3,Medical,1,413,1,Male,91,1,4,Research Scientist,2,Single,8759,29467,5,No,Y,24,3,4,2,6,4,2,5,8,0,4
59,No,Travel_Rarely,1081,Human Resources,23,2,Other,1,414,1,Male,70,4,2,Healthcare Representative,4,Single,11105,3538,7,Yes,Y,24,3,3,0,33,1,3,19,11,4,3
26,No,Travel_Frequently,221,Research & Development,18,1,Life Sciences,1,415,3,Female,77,2,3,Manager,1,Single,8332,14147,0,Yes,Y,14,3,2,0,27,1,2,15,6,4,10
40,No,Non-Travel,396,Research & Development,2,4,Marketing,1,416,3,Male,73,3,4,Human Resources,3,Divorced,11296,21461,3,No,Y,10,3,2,0,38,1,2,16,0,7,6
30,No,Travel_Frequently,877,Sales,18,1,Human Resources,1,417,4,Male,89,2,5,Research Scientist,4,Divorced,2784,17072,6,Yes,Y,22,3,2,2,37,1,4,3,14,4,5
26,No,Travel_Frequently,113,Human Resources,13,3,Technical Degree,1,418,1,Male,84,3,5,Sales Executive,3,Divorced,11554,26662,6,No,Y,10,3,4,3,5,2,3,16,4,6,13
24,No,Travel_Frequently,1296,Research & Development,9,3,Medical,1,419,2,Male,45,2,2,Human Resources,4,Married,19155,27175,3,No,Y,24,3,4,1,26,4,3,16,12,2,1
44,No,Travel_Frequently,191,Human Resources,7,4,Human Resources,1,420,4,Male,94,4,2,Research Scientist,2,Divorced,10589,12018,3,Yes,Y,12,3,2,2,33,4,3,4,12,3,8
35,No,Travel_Rarely,859,Research & Development,22,5,Other,1,421,1,Male,79,4,5,Healthcare Representative,1,Married,10675,4456,7,No,Y,24,3,3,0,2,6,3,16,3,7,6
41,Yes,Travel_Frequently,893,Human Resources,9,4,Marketing,1,422,1,Male,47,3,3,Laboratory Technician,4,Married,13954,19692,0,No,Y,19,3,2,1,4,4,2,15,7,4,6
40,No,Non-Travel,1209,Research & Development,6,5,Other,1,423,4,Male,74,1,2,Research Scientist,3,Divorced,9413,21124,6,Yes,Y,13,3,2,1,30,6,4,6,2,7,8
54,No,Travel_Rarely,825,Sales,21,3,Technical Degree,1,424,4,Male,92,2,4,Research Scientist,3,Single,12301,13557,3,Yes,Y,10,3,4,0,1,0,3,17,3,3,5
53,No,Travel_Rarely,474,Research & Development,29,5,Life Sciences,1,425,3,Male,83,2,1,Human Resources,4,Divorced,7854,20481,8,Yes,Y,24,3,2,3,13,4,4,1,7,3,4
33,Yes,Travel_Rarely,188,Research & Development,25,2,Life Sciences,1,426,2,Male,92,3,5,Laboratory Technician,3,Single,3775,8857,4,No,Y,12,3,4,0,26,4,2,17,7,2,5
31,Yes,Travel_Rarely,1244,Sales,19,1,Human Resources,1,427,1,Male,47,3,1,Research Scientist,2,Single,18511,5128,4,No,Y,12,3,1,2,8,2,4,12,5,3,1
19,No,Non-Travel,776,Sales,12,2,Human Resources,1,428,3,Male,34,1,4,Manager,4,Married,9665,14345,1,No,Y,17,3,2,3,33,6,3,7,14,2,13
47,No,Travel_Rarely,937,Sales,10,1,Human Resources,1,429,1,Male,43,1,1,Manufacturing Director,1,Divorced,4086,16607,6,No,Y,20,3,3,0,30,4,2,17,12,3,12
50,No,Travel_Rarely,133,Human Resources,8,1,Technical Degree,1,430,1,Female,44,3,5,Sales Executive,2,Single,5078,22168,9,Yes,Y,19,3,4,0,0,0,4,2,0,6,7
59,No,Travel_Rarely,577,Human Resources,12,5,Other,1,431,3,Male,59,3,3,Human Resources,4,Married,13455,9025,5,No,Y,14,3,4,3,21,0,2,19,9,8,10
21,No,Travel_Rarely,1353,Human Resources,3,3,Other,1,432,3,Male,58,1,4,Healthcare Representative,4,Single,3160,7679,3,No,Y,24,3,1,3,16,5,2,8,3,2,14
53,No,Travel_Rarely,1422,Research & Development,5,1,Marketing,1,433,2,Female,69,4,5,Human Resources,3,Married,8635,20315,5,Yes,Y,11,3,1,0,38,2,2,13,8,0,6
23,No,Non-Travel,1150,Research & Development,10,5,Human Resources,1,434,4,Female,57,2,5,Manager,4,Single,19026,19489,0,No,Y,21,3,3,0,14,6,4,2,0,8,1
43,No,Travel_Frequently,938,Research & Development,13,2,Technical Degree,1,435,1,Female,38,3,3,Sales Executive,4,Divorced,16768,19974,4,Yes,Y,12,3,2,3,22,1,2,6,9,6,1
51,No,Travel_Frequently,486,Research & Development,4,4,Medical,1,436,2,Male,58,4,4,Sales Executive,4,Married,7149,22114,9,No,Y,14,3,1,0,10,2,4,10,7,1,11
45,No,Travel_Frequently,1285,Research & Development,27,2,Medical,1,437,3,Male,83,2,3,Manufacturing Director,3,Married,11300,17407,2,No,Y,18,3,4,2,16,0,2,5,4,4,9
42,Yes,Travel_Frequently,434,Research & Development,23,2,Human Resources,1,438,1,Female,98,4,3,Laboratory Technician,3,Single,2810,7763,0,Yes,Y,12,3,3,2,37,5,1,7,14,2,10
28,No,Travel_Rarely,1226,Research & Development,27,4,Marketing,1,439,3,Female,81,4,5,Sales Executive,2,Married,8746,2125,6,No,Y,18,3,3,3,30,5,4,9,11,2,2
46,No,Non-Travel,1267,Research & Development,17,3,Human Resources,1,440,3,Female,40,2,1,Manager,2,Divorced,9079,7874,5,Yes,Y,22,4,2,2,9,1,2,5,10,0,3
33,Yes,Non-Travel,570,Research & Development,10,5,Medical,1,441,4,Female,30,2,4,Human Resources,3,Single,18161,18677,3,Yes,Y,21,3,1,2,7,2,1,6,9,2,8
34,No,Travel_Rarely,1450,Human Resources,7,4,Technical Degree,1,442,2,Male,38,2,3,Healthcare Representative,4,Divorced,5425,8463,2,No,Y,14,3,4,2,29,5,3,18,14,9,10
29,No,Non-Travel,322,Human Resources,3,5,Other,1,443,2,Female,31,2,5,Sales Executive,3,Married,5556,16248,1,Yes,Y,23,4,3,2,14,5,4,8,1,9,11
28,No,Travel_Frequently,233,Sales,3,2,Marketing,1,444,3,Female,92,1,3,Manufacturing Director,4,Married,18137,10812,3,No,Y,17,3,4,3,34,3,1,8,8,8,10
43,No,Non-Travel,970,Sales,16,5,Technical Degree,1,445,1,Male,32,2,2,Research Scientist,4,Single,9767,21874,6,Yes,Y,11,3,1,3,3,2,1,17,7,2,1
28,Yes,Travel_Frequently,1370,Human Resources,25,2,Technical Degree,1,446,2,Male,80,3,1,Manufacturing Director,1,Single,12130,4743,2,Yes,Y,19,3,1,3,35,5,2,13,4,4,1
25,No,Non-Travel,1278,Sales,25,5,Human Resources,1,447,3,Male,79,1,1,Laboratory Technician,1,Married,7884,23878,1,Yes,Y,23,3,4,3,16,4,1,12,9,6,4
58,No,Travel_Rarely,1292,Sales,15,5,Marketing,1,448,1,Male,30,1,4,Manager,3,Divorced,6143,27682,7,Yes,Y,18,4,1,0,5,0,2,12,5,6,9
24,No,Non-Travel,326,Sales,17,5,Marketing,1,449,1,Male,65,3,4,Manufacturing Director,1,Divorced,17830,14124,0,No,Y,23,3,2,3,8,1,4,16,3,0,1
26,No,Non-Travel,1395,Research & Development,1,4,Technical Degree,1,450,1,Female,52,1,5,Healthcare Representative,1,Divorced,19665,20992,0,Yes,Y,19,3,4,2,23,4,1,13,3,8,11
56,No,Non-Travel,552,Sales,24,3,Other,1,451,4,Male,48,3,3,Healthcare Representative,4,Divorced,11290,5104,3,No,Y,19,3,1,0,1,0,2,17,9,3,6
28,No,Travel_Rarely,1200,Sales,18,3,Life Sciences,1,452,3,Female,90,1,3,Research Scientist,2,Married,5794,18729,6,Yes,Y,12,3,1,1,21,2,1,9,13,6,3
22,No,Travel_Frequently,291,Research & Development,10,1,Medical,1,453,3,Male,42,4,1,Sales Executive,3,Single,6503,9955,2,No,Y,12,3,1,3,12,6,1,15,13,8,9
25,No,Travel_Frequently,447,Human Resources,10,4,Medical,1,454,3,Male,32,2,2,Human Resources,3,Single,3493,2240,9,Yes,Y,11,3,2,3,31,1,2,0,13,3,6
54,No,Travel_Frequently,1378,Sales,28,5,Marketing,1,455,1,Female,34,3,5,Manager,1,Married,9245,28117,4,No,Y,24,3,1,0,20,0,1,16,10,1,10
32,Yes,Travel_Frequently,1144,Human Resources,1,3,Marketing,1,456,4,Male,47,1,2,Laboratory Technician,2,Married,6146,13988,2,No,Y,16,3,2,1,39,2,4,15,14,6,1
36,No,Travel_Frequently,1470,Human Resources,9,1,Medical,1,457,2,Female,63,3,4,Manager,2,Married,8682,10540,2,Yes,Y,12,4,1,0,13,6,2,18,1,0,12
41,Yes,Travel_Rarely,1182,Human Resources,21,2,Life Sciences,1,458,4,Male,72,4,3,Manager,2,Married,9955,4325,7,No,Y,17,3,1,0,39,1,1,10,9,6,14
50,No,Non-Travel,746,Sales,16,5,Marketing,1,459,1,Female,58,2,4,Healthcare Representative,1,Married,11630,8034,8,No,Y,17,3,2,2,37,4,2,16,5,9,11
27,No,Travel_Rarely,852,Human Resources,10,4,Human Resources,1,460,3,Male,99,1,1,Manager,4,Divorced,10334,3455,8,No,Y,20,3,1,0,34,6,4,12,9,3,4
30,No,Travel_Frequently,261,Sales,11,3,Medical,1,461,1,Female,38,2,3,Human Resources,3,Married,5661,27641,6,No,Y,13,3,3,0,31,3,4,5,7,0,7
51,No,Travel_Rarely,1385,Sales,18,2,Technical Degree,1,462,3,Female,60,3,3,Laboratory Technician,4,Divorced,19952,14174,9,Yes,Y,17,3,4,0,16,5,4,11,6,1,12
38,No,Non-Travel,1370,Sales,14,4,Life Sciences,1,463,3,Male,60,2,5,Healthcare Representative,2,Married,3996,4890,4,No,Y,11,3,2,3,6,5,2,6,12,2,9
34,No,Non-Travel,177,Human Resources,26,2,Technical Degree,1,464,4,Female,30,2,1,Sales Executive,1,Single,17008,5608,9,No,Y,15,3,2,1,0,1,4,14,0,8,10
19,Yes,Non-Travel,565,Research & Development,24,2,Life Sciences,1,465,1,Female,48,4,3,Healthcare Representative,1,Married,12894,2947,1,No,Y,14,3,3,3,10,2,1,11,10,2,2
41,No,Travel_Rarely,713,Sales,26,4,Life Sciences,1,466,4,Male,70,4,1,Healthcare Representative,1,Married,16275,18490,7,Yes,Y,21,3,1,3,8,6,2,15,8,5,10
54,No,Non-Travel,203,Human Resources,5,1,Other,1,467,3,Female,47,3,1,Manufacturing Director,4,Single,2697,2215,4,No,Y,24,3,1,3,22,4,2,16,6,2,12
19,No,Travel_Rarely,547,Human Resources,7,3,Technical Degree,1,468,2,Female,47,4,4,Human Resources,1,Married,14543,18630,9,Yes,Y,20,3,4,0,38,5,4,0,7,9,9
51,No,Travel_Frequently,954,Human Resources,6,3,Human Resources,1,469,1,Female,70,3,4,Healthcare Representative,3,Divorced,12603,27427,1,No,Y,15,4,2,3,11,5,1,12,2,1,14
28,Yes,Non-Travel,1489,Human Resources,20,3,Technical Degree,1,470,3,Male,94,1,4,Sales Executive,4,Single,12716,2671,1,No,Y,22,3,2,0,35,6,4,13,0,2,13
52,No,Non-Travel,943,Research & Development,28,3,Life Sciences,1,471,3,Female,90,2,4,Laboratory Technician,1,Divorced,9978,4028,7,No,Y,14,3,1,2,34,5,1,11,6,2,4
19,No,Non-Travel,1259,Human Resources,19,5,Human Resources,1,472,3,Male,48,2,5,Research Scientist,1,Married,11202,23103,9,Yes,Y,20,3,4,0,1,1,1,19,14,7,14
38,No,Travel_Rarely,346,Sales,7,5,Other,1,473,3,Female,39,3,3,Healthcare Representative,4,Divorced,13631,2729,3,No,Y,19,4,1,3,34,2,4,4,8,4,4
31,No,Non-Travel,1122,Human Resources,21,4,Marketing,1,474,4,Female,38,1,4,Manager,4,Divorced,16582,2115,1,Yes,Y,19,3,2,2,29,6,3,2,13,8,11
46,No,Travel_Frequently,760,Research & Development,23,1,Life Sciences,1,475,3,Female,92,4,2,Research Scientist,1,Divorced,17620,16224,3,No,Y,13,3,4,2,14,3,1,16,1,7,11
27,No,Travel_Frequently,140,Human Resources,20,5,Other,1,476,3,Male,45,4,1,Sales Executive,2,Married,16358,28960,4,Yes,Y,19,3,1,2,29,1,1,19,12,1,1
23,No,Travel_Frequently,660,Human Resources,23,2,Technical Degree,1,477,4,Male,92,1,3,Laboratory Technician,4,Married,19679,8123,1,No,Y,13,3,1,2,26,3,2,16,13,9,4
32,No,Travel_Rarely,775,Sales,9,3,Other,1,478,1,Male,69,2,3,Manager,1,Married,14434,22771,8,No,Y,15,3,4,1,32,0,4,10,3,0,7
54,No,Non-Travel,1275,Human Resources,2,4,Technical Degree,1,479,3,Female,33,1,2,Manufacturing Director,3,Divorced,2608,17052,5,No,Y,23,3,4,0,22,1,1,11,0,0,14
57,No,Non-Travel,414,Research & Development,15,2,Technical Degree,1,480,3,Male,82,2,2,Manager,3,Married,18040,12711,4,No,Y,18,3,1,1,2,3,3,2,8,7,14
28,No,Travel_Rarely,1293,Sales,14,1,Other,1,481,1,Male,36,1,3,Healthcare Representative,1,Single,5931,5300,7,Yes,Y,16,3,4,1,6,6,4,9,6,7,1
25,No,Travel_Frequently,1266,Research & Development,23,4,Marketing,1,482,3,Female,32,3,1,Sales Executive,2,Single,14743,16731,5,Yes,Y,10,3,1,0,36,1,1,11,5,3,7
45,No,Travel_Rarely,1054,Sales,7,2,Technical Degree,1,483,1,Male,96,1,5,Research Scientist,1,Married,4480,16264,1,Yes,Y,24,3,4,1,17,3,2,9,0,5,3
56,No,Non-Travel,541,Human Resources,20,2,Life Sciences,1,484,2,Male,69,3,2,Manufacturing Director,2,Divorced,15090,14702,5,Yes,Y,22,3,2,1,26,1,1,8,1,1,10
25,No,Non-Travel,1237,Human Resources,6,2,Marketing,1,485,4,Female,64,2,5,Research Scientist,4,Divorced,15919,2509,5,No,Y,19,3,1,2,24,5,4,0,14,3,7
52,No,Travel_Frequently,305,Sales,26,4,Medical,1,486,2,Male,71,1,3,Sales Executive,1,Single,13813,15979,8,Yes,Y,13,4,2,1,37,1,2,4,5,7,3
49,No,Travel_Frequently,321,Research & Development,19,2,Medical,1,487,4,Male,86,3,3,Healthcare Representative,2,Divorced,5195,16377,1,Yes,Y,12,3,1,1,3,6,1,7,14,2,0
57,No,Travel_Frequently,917,Human Resources,15,5,Technical Degree,1,488,2,Male,53,4,5,Sales Executive,4,Married,11177,23747,3,Yes,Y,20,3,3,0,25,1,1,2,14,1,1
50,No,Travel_Rarely,1388,Sales,8,5,Medical,1,489,2,Male,47,3,2,Manufacturing Director,4,Married,17856,28068,2,Yes,Y,14,4,3,2,29,2,4,14,1,0,3
43,No,Travel_Frequently,957,Research & Development,2,3,Medical,1,490,2,Female,47,1,2,Research Scientist,1,Divorced,12112,11707,5,Yes,Y,23,3,4,3,8,6,1,15,8,0,7
30,No,Non-Travel,811,Sales,17,2,Marketing,1,491,3,Male,60,3,3,Research Scientist,2,Single,8769,2464,9,Yes,Y,14,3,3,3,35,2,1,15,3,7,12
36,No,Non-Travel,961,Human Resources,22,5,Technical Degree,1,492,1,Female,81,1,4,Laboratory Technician,4,Divorced,17678,17102,6,No,Y,19,3,4,1,38,5,3,11,9,0,14
40,Yes,Travel_Frequently,587,Research & Development,21,4,Other,1,493,4,Male,70,2,4,Sales Executive,3,Married,18140,6414,8,Yes,Y,18,3,3,0,4,4,3,2,6,4,1
35,No,Non-Travel,1323,Research & Development,1,2,Technical Degree,1,494,4,Male,46,1,2,Sales Executive,4,Divorced,2411,12826,9,Yes,Y,19,3,2,1,34,4,1,0,14,4,13
54,No,Travel_Frequently,1480,Sales,1,2,Human Resources,1,495,2,Female,74,3,1,Human Resources,1,Divorced,19014,2562,5,No,Y,10,3,2,1,38,4,3,1,5,6,11
27,No,Non-Travel,1496,Sales,25,4,Human Resources,1,496,2,Female,37,3,3,Human Resources,2,Married,10066,2422,2,No,Y,12,3,3,1,3,4,2,18,1,4,9
40,No,Travel_Frequently,170,Research & Development,23,1,Human Resources,1,497,3,Male,55,4,4,Manufacturing Director,3,Married,6983,16071,7,No,Y,16,3,1,1,31,2,1,10,4,9,9
58,No,Travel_Frequently,867,Human Resources,18,5,Medical,1,498,2,Female,64,3,4,Sales Executive,3,Single,9058,10927,2,No,Y,10,3,1,3,6,5,1,14,10,3,4
27,No,Travel_Frequently,1192,Human Resources,7,5,Other,1,499,1,Male,79,1,3,Laboratory Technician,3,Divorced,14921,13535,6,Yes,Y,11,3,3,0,7,3,1,8,1,2,0
25,No,Travel_Frequently,134,Sales,13,3,Technical Degree,1,500,3,Male,55,3,4,Manufacturing Director,4,Married,4630,25005,8,No,Y,24,3,4,0,17,6,3,13,4,0,10
